Date,Ticker,Country,Type,Qty,Price,Currency
2024-01-01,LIQUIDBEES.NS,IND,BUY,60,1000.0,INR
2024-01-01,IDFC.NS,IND,BUY,456,126.199997,INR
2024-01-01,IDFC.NS,IND,BUY,153,126.199997,INR
2024-01-01,NCC.NS,IND,BUY,22,168.449997,INR
2024-01-01,NCC.NS,IND,BUY,2,168.449997,INR
2024-01-01,PNBHOUSING.NS,IND,BUY,1,791.75,INR
2024-01-01,M&M.NS,IND,BUY,1,1714.0,INR
2024-01-01,DBCORP.NS,IND,BUY,18,263.899994,INR
2024-01-01,MARKSANS.NS,IND,BUY,29,162.149994,INR
2024-01-01,PRESTIGE.NS,IND,BUY,1,1208.949951,INR
2024-01-01,GOKEX.NS,IND,BUY,15,820.700012,INR
2024-01-01,PCBL.NS,IND,BUY,45,252.5,INR
2024-01-01,GOKEX.NS,IND,BUY,1,820.700012,INR
2024-01-01,PNBHOUSING.NS,IND,BUY,4,791.799988,INR
2024-01-01,MARKSANS.NS,IND,BUY,29,162.149994,INR
2024-01-01,PNBHOUSING.NS,IND,BUY,2,791.849976,INR
2024-01-01,ZYDUSLIFE.NS,IND,BUY,1,686.049988,INR
2024-01-17,SENSEXBEES.NS,IND,BUY,208,809.01001,INR
2024-01-17,SENSEXBEES.NS,IND,BUY,834,809.659973,INR
2024-01-17,NIFTYBEES.NS,IND,BUY,1000,241.520004,INR
2024-01-17,HEALTHIETF.NS,IND,BUY,1,110.629997,INR
2024-01-17,PHARMABEES.NS,IND,BUY,6,17.52,INR
2024-01-17,PHARMABEES.NS,IND,SELL,6,17.51,INR
2024-01-17,MIDCAPIETF.NS,IND,BUY,1,179.5,INR
2024-01-17,JIOFIN.NS,IND,BUY,1,244.699997,INR
2024-01-17,MON100.NS,IND,BUY,1,136.169998,INR
2024-01-17,NIFTYBEES.NS,IND,BUY,1,240.300003,INR
2024-01-17,SENSEXBEES.NS,IND,BUY,1,805.799988,INR
2024-01-17,HDFCSML250.NS,IND,BUY,1,145.539993,INR
2024-01-17,HEALTHIETF.NS,IND,SELL,1,110.290001,INR
2024-01-17,PHARMABEES.NS,IND,BUY,6,17.48,INR
2024-01-17,PHARMABEES.NS,IND,SELL,6,17.459999,INR
2024-01-17,ICICIPRULI.NS,IND,BUY,2,517.700012,INR
2024-01-17,HDFCLIFE.NS,IND,BUY,1,614.75,INR
2024-01-17,ICICIGI.NS,IND,BUY,1,1454.949951,INR
2024-01-17,MFSL.NS,IND,BUY,1,935.0,INR
2024-01-17,SBILIFE.NS,IND,BUY,1,1413.5,INR
2024-01-17,STARHEALTH.NS,IND,BUY,1,555.049988,INR
2024-01-17,STARHEALTH.NS,IND,BUY,1,555.049988,INR
2024-01-17,NIFTYBEES.NS,IND,BUY,28,239.789993,INR
2024-01-17,NIFTYBEES.NS,IND,BUY,500,239.789993,INR
2024-01-17,NIFTYBEES.NS,IND,BUY,2653,239.779999,INR
2024-01-17,NIFTYBEES.NS,IND,BUY,347,239.809998,INR
2024-01-17,NIFTYBEES.NS,IND,BUY,5,239.789993,INR
2024-01-17,NIFTYBEES.NS,IND,BUY,5,239.820007,INR
2024-01-17,NIFTYBEES.NS,IND,BUY,265,239.800003,INR
2024-01-17,NIFTYBEES.NS,IND,BUY,100,239.830002,INR
2024-01-17,NIFTYBEES.NS,IND,BUY,4347,239.839996,INR
2024-01-17,MON100.NS,IND,BUY,32,135.589996,INR
2024-01-17,MON100.NS,IND,BUY,1,135.539993,INR
2024-01-17,MON100.NS,IND,BUY,1,135.610001,INR
2024-01-17,MON100.NS,IND,BUY,134,135.630005,INR
2024-01-17,MON100.NS,IND,BUY,32,135.619995,INR
2024-01-17,TCS.NS,IND,SELL,12,3879.5,INR
2024-01-17,TCS.NS,IND,SELL,47,3879.5,INR
2024-01-17,TCS.NS,IND,SELL,1,3879.5,INR
2024-01-17,TCS.NS,IND,SELL,22,3879.550049,INR
2024-01-17,HCLTECH.NS,IND,SELL,13,1569.849976,INR
2024-01-17,HCLTECH.NS,IND,SELL,1,1569.849976,INR
2024-01-17,HCLTECH.NS,IND,SELL,78,1569.849976,INR
2024-01-17,HCLTECH.NS,IND,SELL,8,1569.849976,INR
2024-01-17,JIOFIN.NS,IND,BUY,2,243.949997,INR
2024-01-17,JIOFIN.NS,IND,BUY,417,243.949997,INR
2024-01-17,JIOFIN.NS,IND,BUY,1,243.949997,INR
2024-01-17,JIOFIN.NS,IND,BUY,319,244.0,INR
2024-01-17,JIOFIN.NS,IND,BUY,91,243.949997,INR
2024-01-17,JIOFIN.NS,IND,BUY,93,243.949997,INR
2024-01-17,JIOFIN.NS,IND,BUY,7,243.949997,INR
2024-01-17,JIOFIN.NS,IND,BUY,70,243.949997,INR
2024-01-17,JIOFIN.NS,IND,BUY,52,244.0,INR
2024-01-17,JIOFIN.NS,IND,BUY,315,244.0,INR
2024-01-17,JIOFIN.NS,IND,BUY,133,244.0,INR
2024-01-17,JIOFIN.NS,IND,BUY,50,244.0,INR
2024-01-17,SENSEXBEES.NS,IND,BUY,1,803.099976,INR
2024-01-18,AXISBANK.NS,IND,BUY,12,1092.75,INR
2024-01-18,BANKBARODA.NS,IND,BUY,28,226.75,INR
2024-01-18,AUBANK.NS,IND,BUY,1,749.799988,INR
2024-01-18,AUBANK.NS,IND,BUY,10,749.849976,INR
2024-01-18,SBIN.NS,IND,BUY,11,627.099976,INR
2024-01-18,ICICIBANK.NS,IND,BUY,12,978.450012,INR
2024-01-18,KOTAKBANK.NS,IND,BUY,6,1773.900024,INR
2024-01-18,HDFCBANK.NS,IND,BUY,13,1506.5,INR
2024-01-18,KARURVYSYA.NS,IND,BUY,9,168.0,INR
2024-01-18,KARURVYSYA.NS,IND,BUY,33,168.0,INR
2024-01-18,KARURVYSYA.NS,IND,BUY,2,168.0,INR
2024-01-18,FEDERALBNK.NS,IND,BUY,53,144.949997,INR
2024-01-18,INDUSINDBK.NS,IND,BUY,5,1628.199951,INR
2024-01-18,MON100.NS,IND,BUY,356,135.139999,INR
2024-01-18,MON100.NS,IND,BUY,394,135.130005,INR
2024-01-19,TCS.NS,IND,BUY,22,3939.600098,INR
2024-01-19,TCS.NS,IND,BUY,10,3939.649902,INR
2024-01-19,JIOFIN.NS,IND,BUY,500,248.0,INR
2024-01-19,SBIN.NS,IND,BUY,26,629.400024,INR
2024-01-19,SBIN.NS,IND,BUY,27,629.400024,INR
2024-01-19,SBIN.NS,IND,BUY,4,629.349976,INR
2024-01-19,KOTAKBANK.NS,IND,BUY,1,1789.349976,INR
2024-01-19,KOTAKBANK.NS,IND,BUY,1,1789.349976,INR
2024-01-19,KOTAKBANK.NS,IND,BUY,17,1789.400024,INR
2024-01-19,KOTAKBANK.NS,IND,BUY,1,1789.349976,INR
2024-01-19,KOTAKBANK.NS,IND,BUY,1,1789.349976,INR
2024-01-19,KOTAKBANK.NS,IND,BUY,1,1789.349976,INR
2024-01-19,AXISBANK.NS,IND,BUY,53,1124.849976,INR
2024-01-19,AUBANK.NS,IND,BUY,11,734.700012,INR
2024-01-19,KOTAKBANK.NS,IND,BUY,1,1789.349976,INR
2024-01-19,ICICIBANK.NS,IND,BUY,58,1004.349976,INR
2024-01-19,AUBANK.NS,IND,BUY,6,734.650024,INR
2024-01-19,KOTAKBANK.NS,IND,BUY,1,1789.349976,INR
2024-01-19,KOTAKBANK.NS,IND,BUY,1,1789.349976,INR
2024-01-19,KOTAKBANK.NS,IND,BUY,1,1789.349976,INR
2024-01-19,KOTAKBANK.NS,IND,BUY,1,1789.349976,INR
2024-01-19,FEDERALBNK.NS,IND,BUY,31,146.649994,INR
2024-01-19,KOTAKBANK.NS,IND,BUY,1,1789.349976,INR
2024-01-19,KOTAKBANK.NS,IND,BUY,1,1789.349976,INR
2024-01-19,FEDERALBNK.NS,IND,BUY,200,146.649994,INR
2024-01-19,INDUSINDBK.NS,IND,BUY,28,1563.199951,INR
2024-01-19,KARURVYSYA.NS,IND,BUY,30,171.550003,INR
2024-01-19,AUBANK.NS,IND,BUY,40,734.75,INR
2024-01-19,KARURVYSYA.NS,IND,BUY,182,171.550003,INR
2024-01-19,HDFCBANK.NS,IND,BUY,55,1485.0,INR
2024-01-19,HDFCBANK.NS,IND,BUY,7,1485.0,INR
2024-01-19,AXISBANK.NS,IND,BUY,3,1124.849976,INR
2024-01-19,BANKBARODA.NS,IND,BUY,138,229.850006,INR
2024-01-19,HDFCBANK.NS,IND,BUY,1,1485.0,INR
2024-01-19,FEDERALBNK.NS,IND,BUY,39,146.649994,INR
2024-01-19,AUBANK.NS,IND,BUY,1,734.75,INR
2024-01-19,KARURVYSYA.NS,IND,BUY,11,171.550003,INR
2024-01-19,MON100.NS,IND,BUY,41,137.149994,INR
2024-01-19,MON100.NS,IND,BUY,1200,137.149994,INR
2024-01-19,MON100.NS,IND,BUY,143,137.149994,INR
2024-01-19,MON100.NS,IND,BUY,600,137.149994,INR
2024-01-19,MON100.NS,IND,BUY,274,137.149994,INR
2024-01-19,MON100.NS,IND,BUY,600,137.149994,INR
2024-01-19,MON100.NS,IND,BUY,41,137.139999,INR
2024-01-19,MON100.NS,IND,BUY,600,137.149994,INR
2024-01-19,MON100.NS,IND,BUY,89,137.149994,INR
2024-01-19,MON100.NS,IND,BUY,600,137.149994,INR
2024-01-19,MON100.NS,IND,BUY,11,137.139999,INR
2024-01-19,MON100.NS,IND,BUY,40,137.139999,INR
2024-01-19,MON100.NS,IND,BUY,1,137.149994,INR
2024-01-19,MON100.NS,IND,BUY,160,137.149994,INR
2024-01-19,MON100.NS,IND,BUY,100,137.149994,INR
2024-01-19,MON100.NS,IND,BUY,10,137.240005,INR
2024-01-19,MON100.NS,IND,BUY,1,137.240005,INR
2024-01-19,MON100.NS,IND,BUY,250,137.240005,INR
2024-01-23,MON100.NS,IND,BUY,44,139.699997,INR
2024-01-23,MON100.NS,IND,BUY,100,139.699997,INR
2024-01-23,MON100.NS,IND,BUY,6,139.699997,INR
2024-01-23,MON100.NS,IND,BUY,200,139.699997,INR
2024-01-23,MON100.NS,IND,BUY,200,139.699997,INR
2024-01-23,MON100.NS,IND,BUY,1334,139.699997,INR
2024-01-23,MON100.NS,IND,BUY,38,139.699997,INR
2024-01-23,MON100.NS,IND,BUY,400,139.699997,INR
2024-01-23,MON100.NS,IND,BUY,50,139.699997,INR
2024-01-23,MON100.NS,IND,BUY,960,139.699997,INR
2024-01-23,MON100.NS,IND,BUY,1,139.699997,INR
2024-01-23,MON100.NS,IND,BUY,8,139.699997,INR
2024-01-23,MON100.NS,IND,BUY,100,139.699997,INR
2024-01-23,MON100.NS,IND,BUY,5,139.699997,INR
2024-01-23,MON100.NS,IND,BUY,404,139.699997,INR
2024-01-29,PRESTIGE.NS,IND,SELL,3,1192.400024,INR
2024-01-29,MINDACORP.NS,IND,SELL,20,410.299988,INR
2024-01-29,NCC.NS,IND,SELL,5,197.050003,INR
2024-01-29,NCC.NS,IND,SELL,50,197.050003,INR
2024-01-29,PCBL.NS,IND,SELL,4,324.5,INR
2024-01-29,ZYDUSLIFE.NS,IND,SELL,13,736.299988,INR
2024-01-29,MARKSANS.NS,IND,SELL,57,148.050003,INR
2024-01-29,M&M.NS,IND,SELL,2,1628.449951,INR
2024-01-29,KARURVYSYA.NS,IND,SELL,55,182.699997,INR
2024-01-29,KARURVYSYA.NS,IND,SELL,5,182.699997,INR
2024-01-29,M&M.NS,IND,SELL,2,1628.449951,INR
2024-01-29,ARVIND.NS,IND,SELL,3,312.549988,INR
2024-01-29,M&M.NS,IND,SELL,1,1628.449951,INR
2024-01-29,PNBHOUSING.NS,IND,SELL,3,831.75,INR
2024-01-29,ARVIND.NS,IND,SELL,27,312.549988,INR
2024-01-29,PNBHOUSING.NS,IND,SELL,8,831.450012,INR
2024-01-29,APARINDS.NS,IND,SELL,1,5564.25,INR
2024-01-29,APARINDS.NS,IND,SELL,1,5564.700195,INR
2024-01-29,GOKEX.NS,IND,SELL,11,930.75,INR
2024-01-29,ARVIND.NS,IND,SELL,5,312.549988,INR
2024-01-29,ARVIND.NS,IND,SELL,1,312.549988,INR
2024-01-29,ARVIND.NS,IND,SELL,1,312.549988,INR
2024-01-29,PRESTIGE.NS,IND,SELL,4,1192.400024,INR
2024-01-29,MINDACORP.NS,IND,SELL,2,410.299988,INR
2024-01-29,DBCORP.NS,IND,SELL,14,362.0,INR
2024-01-29,MINDACORP.NS,IND,SELL,2,410.25,INR
2024-01-29,DBCORP.NS,IND,SELL,21,362.049988,INR
2024-01-29,PCBL.NS,IND,SELL,32,324.5,INR
2024-01-29,NTPC.NS,IND,SELL,33,317.75,INR
2024-01-29,ZENSARTECH.NS,IND,SELL,15,580.299988,INR
2024-01-29,SHAKTIPUMP.NS,IND,SELL,9,1271.099976,INR
2024-01-29,FIEMIND.NS,IND,SELL,1,2381.949951,INR
2024-01-29,PRAJIND.NS,IND,SELL,12,512.950012,INR
2024-01-29,KPITTECH.NS,IND,SELL,5,1356.699951,INR
2024-01-29,IONEXCHANG.NS,IND,SELL,3,535.849976,INR
2024-01-29,IONEXCHANG.NS,IND,SELL,11,535.799988,INR
2024-01-29,IONEXCHANG.NS,IND,SELL,1,535.75,INR
2024-01-29,IONEXCHANG.NS,IND,SELL,1,535.75,INR
2024-01-29,SKIPPER.NS,IND,SELL,20,239.800003,INR
2024-01-29,MTARTECH.NS,IND,SELL,5,2127.050049,INR
2024-01-29,PENIND.NS,IND,SELL,44,147.800003,INR
2024-01-29,KSB.NS,IND,SELL,1,3491.050049,INR
2024-01-29,TDPOWERSYS.NS,IND,SELL,16,275.649994,INR
2024-01-29,KSB.NS,IND,SELL,1,3491.0,INR
2024-01-29,PITTIENG.NS,IND,SELL,6,650.049988,INR
2024-01-29,PENIND.NS,IND,SELL,1,147.800003,INR
2024-01-29,TDPOWERSYS.NS,IND,SELL,3,275.649994,INR
2024-01-29,TDPOWERSYS.NS,IND,SELL,7,275.649994,INR
2024-01-29,TRITURBINE.NS,IND,SELL,13,381.649994,INR
2024-01-29,PITTIENG.NS,IND,SELL,2,650.200012,INR
2024-01-29,PITTIENG.NS,IND,SELL,1,650.150024,INR
2024-01-29,GANECOS.NS,IND,SELL,3,1018.349976,INR
2024-01-29,KSB.NS,IND,SELL,1,3491.0,INR
2024-01-29,INOXWIND.NS,IND,SELL,23,492.350006,INR
2024-01-29,PITTIENG.NS,IND,SELL,1,650.099976,INR
2024-01-29,PITTIENG.NS,IND,SELL,1,650.099976,INR
2024-01-29,SKIPPER.NS,IND,SELL,9,239.800003,INR
2024-01-29,GANECOS.NS,IND,SELL,6,1018.200012,INR
2024-01-29,LIQUIDBEES.NS,IND,SELL,12,999.98999,INR
2024-01-29,GANECOS.NS,IND,SELL,2,1018.099976,INR
2024-01-29,FIEMIND.NS,IND,SELL,1,2381.949951,INR
2024-01-29,TECHNOE.NS,IND,SELL,3,809.200012,INR
2024-01-29,TECHNOE.NS,IND,SELL,9,809.150024,INR
2024-01-29,PITTIENG.NS,IND,SELL,2,650.099976,INR
2024-01-29,PITTIENG.NS,IND,SELL,1,650.049988,INR
2024-01-29,FIEMIND.NS,IND,SELL,2,2382.0,INR
2024-01-29,BBL.NS,IND,SELL,1,4875.049805,INR
2024-01-29,BBL.NS,IND,SELL,1,4872.100098,INR
2024-01-29,FIEMIND.NS,IND,SELL,1,2381.949951,INR
2024-01-29,BORORENEW.NS,IND,SELL,17,632.549988,INR
2024-01-29,GRAVITA.NS,IND,SELL,3,945.0,INR
2024-01-29,GRAVITA.NS,IND,SELL,4,945.0,INR
2024-01-29,SANGHVIMOV.NS,IND,SELL,10,771.599976,INR
2024-01-29,SBCL.NS,IND,SELL,10,568.049988,INR
2024-01-29,SBCL.NS,IND,SELL,7,568.049988,INR
2024-01-29,SBCL.NS,IND,SELL,1,568.049988,INR
2024-01-29,SBCL.NS,IND,SELL,9,568.049988,INR
2024-01-29,SANGHVIMOV.NS,IND,SELL,2,771.799988,INR
2024-01-29,SANGHVIMOV.NS,IND,SELL,6,771.849976,INR
2024-01-29,BLUESTARCO.NS,IND,SELL,2,1053.349976,INR
2024-01-29,BLUESTARCO.NS,IND,SELL,1,1053.550049,INR
2024-01-29,BLUESTARCO.NS,IND,SELL,1,1053.800049,INR
2024-01-29,BLUESTARCO.NS,IND,SELL,2,1053.75,INR
2024-01-29,BLUESTARCO.NS,IND,SELL,4,1053.650024,INR
2024-01-29,BLUESTARCO.NS,IND,SELL,4,1053.550049,INR
2024-01-29,BSOFT.NS,IND,SELL,13,832.549988,INR
2024-01-29,BSOFT.NS,IND,SELL,9,832.549988,INR
2024-01-29,IDFC.NS,IND,SELL,43,116.849998,INR
2024-01-29,JYOTHYLAB.NS,IND,SELL,7,547.200012,INR
2024-01-29,JYOTHYLAB.NS,IND,SELL,21,547.200012,INR
2024-01-29,JYOTHYLAB.NS,IND,SELL,1,547.150024,INR
2024-01-29,JYOTHYLAB.NS,IND,SELL,2,547.150024,INR
2024-01-29,GPPL.NS,IND,SELL,97,163.800003,INR
2024-01-29,IDFC.NS,IND,SELL,20,116.900002,INR
2024-01-29,IDFC.NS,IND,SELL,2,116.900002,INR
2024-01-29,IDFC.NS,IND,SELL,22,116.900002,INR
2024-01-29,IDFC.NS,IND,SELL,23,116.900002,INR
2024-01-29,CYIENT.NS,IND,SELL,7,1948.150024,INR
2024-01-29,SONATSOFTW.NS,IND,SELL,1,750.049988,INR
2024-01-29,ZENSARTECH.NS,IND,SELL,10,579.599976,INR
2024-01-29,SONATSOFTW.NS,IND,SELL,2,750.0,INR
2024-01-29,SONATSOFTW.NS,IND,SELL,2,750.0,INR
2024-01-29,SONATSOFTW.NS,IND,SELL,5,750.0,INR
2024-01-29,UJJIVANSFB.NS,IND,SELL,230,55.75,INR
2024-01-29,SONATSOFTW.NS,IND,SELL,10,750.0,INR
2024-01-29,ZENSARTECH.NS,IND,SELL,16,579.5,INR
2024-01-29,EXIDEIND.NS,IND,SELL,3,313.049988,INR
2024-01-29,EXIDEIND.NS,IND,SELL,46,313.049988,INR
2024-01-29,HDFCBANK.NS,IND,BUY,138,1455.0,INR
2024-01-29,HDFCBANK.NS,IND,SELL,45,1454.900024,INR
2024-01-29,HDFCBANK.NS,IND,SELL,93,1454.900024,INR
2024-01-29,HDFCBANK.NS,IND,BUY,200,1455.199951,INR
2024-01-29,JIOFIN.NS,IND,BUY,220,242.800003,INR
2024-01-29,PRESTIGE.NS,IND,BUY,1,1175.25,INR
2024-01-29,DLF.NS,IND,BUY,4,762.25,INR
2024-01-29,PHOENIXLTD.NS,IND,BUY,2,2287.899902,INR
2024-01-29,NXST.NS,IND,BUY,28,129.759995,INR
2024-01-29,NXST.NS,IND,BUY,52,129.759995,INR
2024-01-29,NXST.NS,IND,BUY,6,129.759995,INR
2024-01-29,MINDSPACE.NS,IND,BUY,29,325.829987,INR
2024-01-29,OBEROIRLTY.NS,IND,BUY,20,1293.75,INR
2024-01-29,EMBASSY.NS,IND,BUY,12,351.0,INR
2024-01-30,AXISBANK.NS,IND,SELL,70,1066.400024,INR
2024-01-30,SBIN.NS,IND,SELL,65,625.200012,INR
2024-01-30,SBIN.NS,IND,SELL,1,625.200012,INR
2024-01-30,SBIN.NS,IND,SELL,4,625.200012,INR
2024-01-30,KARURVYSYA.NS,IND,SELL,1,191.800003,INR
2024-01-30,KARURVYSYA.NS,IND,SELL,100,191.800003,INR
2024-01-30,KARURVYSYA.NS,IND,SELL,6,191.800003,INR
2024-01-30,KOTAKBANK.NS,IND,SELL,36,1819.699951,INR
2024-01-30,KARURVYSYA.NS,IND,SELL,168,191.800003,INR
2024-01-30,INDUSINDBK.NS,IND,SELL,34,1531.050049,INR
2024-01-30,HDFCBANK.NS,IND,SELL,78,1453.199951,INR
2024-01-30,FEDERALBNK.NS,IND,SELL,12,145.25,INR
2024-01-30,FEDERALBNK.NS,IND,SELL,320,145.25,INR
2024-01-30,AUBANK.NS,IND,SELL,1,623.049988,INR
2024-01-30,BANKBARODA.NS,IND,SELL,171,234.699997,INR
2024-01-30,AUBANK.NS,IND,SELL,1,623.049988,INR
2024-01-30,AUBANK.NS,IND,SELL,5,623.049988,INR
2024-01-30,AUBANK.NS,IND,SELL,64,623.0,INR
2024-01-30,ICICIBANK.NS,IND,SELL,19,1016.5,INR
2024-01-30,ICICIBANK.NS,IND,SELL,53,1016.450012,INR
2024-01-30,TCS.NS,IND,SELL,11,3836.100098,INR
2024-01-30,TCS.NS,IND,SELL,28,3836.100098,INR
2024-01-30,PERSISTENT.NS,IND,SELL,10,8731.25,INR
2024-01-30,PERSISTENT.NS,IND,SELL,2,8731.25,INR
2024-01-30,OFSS.NS,IND,SELL,18,6699.600098,INR
2024-01-30,OFSS.NS,IND,SELL,3,6695.450195,INR
2024-01-30,OFSS.NS,IND,SELL,3,6695.399902,INR
2024-01-30,OFSS.NS,IND,SELL,2,6695.299805,INR
2024-01-30,OFSS.NS,IND,SELL,9,6695.299805,INR
2024-01-30,OFSS.NS,IND,SELL,4,6695.25,INR
2024-01-30,KPITTECH.NS,IND,SELL,42,1395.900024,INR
2024-01-30,KPITTECH.NS,IND,SELL,9,1396.0,INR
2024-01-30,KPITTECH.NS,IND,SELL,10,1396.0,INR
2024-01-30,KPITTECH.NS,IND,SELL,7,1396.050049,INR
2024-01-30,KPITTECH.NS,IND,SELL,2,1396.050049,INR
2024-01-30,KPITTECH.NS,IND,SELL,2,1396.050049,INR
2024-01-30,MPHASIS.NS,IND,SELL,10,2605.100098,INR
2024-01-30,MPHASIS.NS,IND,SELL,1,2604.199951,INR
2024-01-30,MPHASIS.NS,IND,SELL,5,2604.199951,INR
2024-01-30,MPHASIS.NS,IND,SELL,5,2604.149902,INR
2024-01-30,MPHASIS.NS,IND,SELL,19,2604.149902,INR
2024-01-30,LTIM.NS,IND,SELL,1,5500.0,INR
2024-01-30,LTIM.NS,IND,SELL,1,5500.0,INR
2024-01-30,LTIM.NS,IND,SELL,2,5500.0,INR
2024-01-30,LTIM.NS,IND,SELL,6,5500.0,INR
2024-01-30,LTIM.NS,IND,SELL,2,5500.0,INR
2024-01-30,LTIM.NS,IND,SELL,3,5499.700195,INR
2024-01-30,LTIM.NS,IND,SELL,1,5500.0,INR
2024-01-30,INFY.NS,IND,SELL,66,1671.849976,INR
2024-01-30,HCLTECH.NS,IND,SELL,21,1582.0,INR
2024-01-30,HCLTECH.NS,IND,SELL,45,1582.0,INR
2024-01-30,HCLTECH.NS,IND,SELL,25,1582.0,INR
2024-01-30,HCLTECH.NS,IND,SELL,1,1582.0,INR
2024-01-30,COFORGE.NS,IND,SELL,1,6345.700195,INR
2024-01-30,COFORGE.NS,IND,SELL,8,6345.700195,INR
2024-01-30,COFORGE.NS,IND,SELL,4,6345.649902,INR
2024-01-30,COFORGE.NS,IND,SELL,1,6345.649902,INR
2024-01-30,JYOTHYLAB.NS,IND,SELL,117,539.599976,INR
2024-01-30,JYOTHYLAB.NS,IND,SELL,3,539.599976,INR
2024-01-30,JYOTHYLAB.NS,IND,SELL,22,539.599976,INR
2024-01-30,ZENSARTECH.NS,IND,SELL,1,572.599976,INR
2024-01-30,ZENSARTECH.NS,IND,SELL,42,572.599976,INR
2024-01-30,ZENSARTECH.NS,IND,SELL,2,572.599976,INR
2024-01-30,ZENSARTECH.NS,IND,SELL,34,572.599976,INR
2024-01-30,ZENSARTECH.NS,IND,SELL,41,572.599976,INR
2024-01-30,UJJIVANSFB.NS,IND,SELL,80,55.5,INR
2024-01-30,SONATSOFTW.NS,IND,SELL,23,746.849976,INR
2024-01-30,SONATSOFTW.NS,IND,SELL,39,746.849976,INR
2024-01-30,SONATSOFTW.NS,IND,SELL,6,746.849976,INR
2024-01-30,SONATSOFTW.NS,IND,SELL,14,746.849976,INR
2024-01-30,SONATSOFTW.NS,IND,SELL,8,746.849976,INR
2024-01-30,UJJIVANSFB.NS,IND,SELL,962,55.5,INR
2024-01-30,EXIDEIND.NS,IND,SELL,71,317.299988,INR
2024-01-30,IDFC.NS,IND,SELL,199,118.300003,INR
2024-01-30,GPPL.NS,IND,SELL,77,169.399994,INR
2024-01-30,IDFC.NS,IND,SELL,300,118.300003,INR
2024-01-30,GPPL.NS,IND,SELL,58,169.399994,INR
2024-01-30,GPPL.NS,IND,SELL,300,169.399994,INR
2024-01-30,GPPL.NS,IND,SELL,2,169.399994,INR
2024-01-30,EXIDEIND.NS,IND,SELL,151,317.299988,INR
2024-01-30,GPPL.NS,IND,SELL,5,169.399994,INR
2024-01-30,CYIENT.NS,IND,SELL,1,1995.199951,INR
2024-01-30,CYIENT.NS,IND,SELL,1,1995.199951,INR
2024-01-30,CYIENT.NS,IND,SELL,1,1995.199951,INR
2024-01-30,CYIENT.NS,IND,SELL,1,1995.199951,INR
2024-01-30,CYIENT.NS,IND,SELL,1,1995.199951,INR
2024-01-30,CYIENT.NS,IND,SELL,3,1995.199951,INR
2024-01-30,BSOFT.NS,IND,SELL,98,855.950012,INR
2024-01-30,CYIENT.NS,IND,SELL,1,1995.199951,INR
2024-01-30,CYIENT.NS,IND,SELL,1,1995.199951,INR
2024-01-30,CYIENT.NS,IND,SELL,1,1995.199951,INR
2024-01-30,CYIENT.NS,IND,SELL,1,1995.199951,INR
2024-01-30,BLUESTARCO.NS,IND,SELL,4,1091.199951,INR
2024-01-30,BLUESTARCO.NS,IND,SELL,4,1091.150024,INR
2024-01-30,BLUESTARCO.NS,IND,SELL,4,1091.150024,INR
2024-01-30,BLUESTARCO.NS,IND,SELL,1,1091.150024,INR
2024-01-30,BLUESTARCO.NS,IND,SELL,22,1091.150024,INR
2024-01-30,BLUESTARCO.NS,IND,SELL,11,1091.099976,INR
2024-01-30,BLUESTARCO.NS,IND,SELL,2,1091.099976,INR
2024-01-30,BLUESTARCO.NS,IND,SELL,1,1091.099976,INR
2024-01-30,BLUESTARCO.NS,IND,SELL,8,1091.099976,INR
2024-01-30,BLUESTARCO.NS,IND,SELL,4,1091.050049,INR
2024-01-30,BLUESTARCO.NS,IND,SELL,1,1091.050049,INR
2024-01-30,CYIENT.NS,IND,SELL,16,1995.199951,INR
2024-01-30,CYIENT.NS,IND,SELL,1,1995.199951,INR
2024-01-30,CYIENT.NS,IND,SELL,1,1995.199951,INR
2024-01-30,BANKBEES.NS,IND,BUY,30,464.100006,INR
2024-01-30,BANKBEES.NS,IND,BUY,103,464.100006,INR
2024-01-30,BANKBEES.NS,IND,BUY,1167,464.100006,INR
2024-01-30,ITBEES.NS,IND,BUY,260,38.950001,INR
2024-01-30,ITBEES.NS,IND,BUY,4000,38.950001,INR
2024-01-30,ITBEES.NS,IND,BUY,2168,38.950001,INR
2024-01-30,ITBEES.NS,IND,BUY,3000,38.950001,INR
2024-01-30,ITBEES.NS,IND,BUY,543,38.939999,INR
2024-01-30,ITBEES.NS,IND,BUY,29,38.939999,INR
2024-01-30,ITBEES.NS,IND,BUY,1993,38.919998,INR
2024-01-30,ITBEES.NS,IND,BUY,25,38.919998,INR
2024-01-30,ITBEES.NS,IND,BUY,310,38.919998,INR
2024-01-30,ITBEES.NS,IND,BUY,312,38.919998,INR
2024-01-30,ITBEES.NS,IND,BUY,7360,38.919998,INR
2024-01-30,ITBEES.NS,IND,BUY,543,38.91,INR
2024-01-30,ITBEES.NS,IND,BUY,1362,38.91,INR
2024-01-30,ITBEES.NS,IND,BUY,323,38.91,INR
2024-01-30,ITBEES.NS,IND,BUY,514,38.91,INR
2024-01-30,ITBEES.NS,IND,BUY,340,38.91,INR
2024-01-30,ITBEES.NS,IND,BUY,2918,38.91,INR
2024-01-30,ITBEES.NS,IND,BUY,1239,38.919998,INR
2024-01-30,ITBEES.NS,IND,BUY,500,38.919998,INR
2024-01-30,ITBEES.NS,IND,BUY,238,38.919998,INR
2024-01-30,ITBEES.NS,IND,BUY,273,38.919998,INR
2024-01-30,MIDCAPIETF.NS,IND,BUY,1655,181.289993,INR
2024-01-30,HDFCSML250.NS,IND,BUY,1744,148.380005,INR
2024-01-30,JBCHEPHARM.NS,IND,SELL,4,1677.300049,INR
2024-01-30,JBCHEPHARM.NS,IND,SELL,2,1677.300049,INR
2024-01-30,JBCHEPHARM.NS,IND,SELL,2,1677.449951,INR
2024-01-30,JBCHEPHARM.NS,IND,SELL,3,1677.449951,INR
2024-01-30,JBCHEPHARM.NS,IND,SELL,1,1677.5,INR
2024-01-30,JBCHEPHARM.NS,IND,SELL,1,1677.5,INR
2024-01-30,JBCHEPHARM.NS,IND,SELL,5,1677.699951,INR
2024-01-30,JBCHEPHARM.NS,IND,SELL,1,1677.75,INR
2024-01-30,JBCHEPHARM.NS,IND,SELL,2,1677.75,INR
2024-01-30,JBCHEPHARM.NS,IND,SELL,1,1677.75,INR
2024-01-30,JBCHEPHARM.NS,IND,SELL,9,1677.25,INR
2024-01-30,JBCHEPHARM.NS,IND,SELL,4,1677.199951,INR
2024-01-30,JBCHEPHARM.NS,IND,SELL,4,1677.099976,INR
2024-01-30,SUNPHARMA.NS,IND,SELL,54,1398.449951,INR
2024-01-30,SYNGENE.NS,IND,SELL,14,703.849976,INR
2024-01-30,SUVENPHAR.NS,IND,SELL,1,682.549988,INR
2024-01-30,SUVENPHAR.NS,IND,SELL,7,683.0,INR
2024-01-30,SUVENPHAR.NS,IND,SELL,1,682.599976,INR
2024-01-30,SYNGENE.NS,IND,SELL,11,704.0,INR
2024-01-30,SUVENPHAR.NS,IND,SELL,1,682.599976,INR
2024-01-30,SUVENPHAR.NS,IND,SELL,1,682.599976,INR
2024-01-30,SUVENPHAR.NS,IND,SELL,19,682.549988,INR
2024-01-30,SUVENPHAR.NS,IND,SELL,15,682.950012,INR
2024-01-30,SUVENPHAR.NS,IND,SELL,25,682.700012,INR
2024-01-30,SUVENPHAR.NS,IND,SELL,1,682.599976,INR
2024-01-30,SUVENPHAR.NS,IND,SELL,1,682.599976,INR
2024-01-30,SUVENPHAR.NS,IND,SELL,1,682.599976,INR
2024-01-30,SUVENPHAR.NS,IND,SELL,1,682.599976,INR
2024-01-30,SUVENPHAR.NS,IND,SELL,1,682.900024,INR
2024-01-30,SUVENPHAR.NS,IND,SELL,4,682.75,INR
2024-01-30,SUVENPHAR.NS,IND,SELL,4,682.799988,INR
2024-01-30,SUVENPHAR.NS,IND,SELL,1,683.049988,INR
2024-01-30,SUVENPHAR.NS,IND,SELL,7,682.549988,INR
2024-01-30,SUVENPHAR.NS,IND,SELL,3,682.75,INR
2024-01-30,SUVENPHAR.NS,IND,SELL,10,682.549988,INR
2024-01-30,SYNGENE.NS,IND,SELL,88,703.75,INR
2024-01-30,SUVENPHAR.NS,IND,SELL,15,682.549988,INR
2024-01-30,SUVENPHAR.NS,IND,SELL,1,682.599976,INR
2024-01-30,SUVENPHAR.NS,IND,SELL,1,682.700012,INR
2024-01-30,SUVENPHAR.NS,IND,SELL,1,683.150024,INR
2024-01-30,SUVENPHAR.NS,IND,SELL,1,682.900024,INR
2024-01-30,SUVENPHAR.NS,IND,SELL,1,683.049988,INR
2024-01-30,SUVENPHAR.NS,IND,SELL,1,682.599976,INR
2024-01-30,SUVENPHAR.NS,IND,SELL,6,682.849976,INR
2024-01-30,SUVENPHAR.NS,IND,SELL,1,682.599976,INR
2024-01-30,SUVENPHAR.NS,IND,SELL,6,682.900024,INR
2024-01-30,SUNPHARMA.NS,IND,SELL,12,1398.300049,INR
2024-01-30,SUNPHARMA.NS,IND,SELL,10,1398.349976,INR
2024-01-30,SUVENPHAR.NS,IND,SELL,6,682.799988,INR
2024-01-30,SUVENPHAR.NS,IND,SELL,5,682.799988,INR
2024-01-30,SUVENPHAR.NS,IND,SELL,6,683.150024,INR
2024-01-30,SUVENPHAR.NS,IND,SELL,1,682.599976,INR
2024-01-30,SUVENPHAR.NS,IND,SELL,2,682.849976,INR
2024-01-30,SUVENPHAR.NS,IND,SELL,1,682.599976,INR
2024-01-30,SUVENPHAR.NS,IND,SELL,5,683.150024,INR
2024-01-30,SUVENPHAR.NS,IND,SELL,1,683.150024,INR
2024-01-30,SUVENPHAR.NS,IND,SELL,1,682.599976,INR
2024-01-30,ERIS.NS,IND,SELL,3,918.349976,INR
2024-01-30,ERIS.NS,IND,SELL,5,918.299988,INR
2024-01-30,ERIS.NS,IND,SELL,8,918.299988,INR
2024-01-30,CIPLA.NS,IND,SELL,53,1343.949951,INR
2024-01-30,ERIS.NS,IND,SELL,1,918.200012,INR
2024-01-30,ERIS.NS,IND,SELL,5,918.200012,INR
2024-01-30,ERIS.NS,IND,SELL,2,918.200012,INR
2024-01-30,ERIS.NS,IND,SELL,4,918.150024,INR
2024-01-30,ERIS.NS,IND,SELL,2,917.950012,INR
2024-01-30,ERIS.NS,IND,SELL,2,918.099976,INR
2024-01-30,ERIS.NS,IND,SELL,1,917.950012,INR
2024-01-30,ERIS.NS,IND,SELL,1,917.950012,INR
2024-01-30,ERIS.NS,IND,SELL,2,917.950012,INR
2024-01-30,ERIS.NS,IND,SELL,1,918.349976,INR
2024-01-30,JBCHEPHARM.NS,IND,SELL,1,1677.050049,INR
2024-01-30,ERIS.NS,IND,SELL,1,918.349976,INR
2024-01-30,ERIS.NS,IND,SELL,1,917.950012,INR
2024-01-30,ERIS.NS,IND,SELL,5,917.950012,INR
2024-01-30,ERIS.NS,IND,SELL,21,918.049988,INR
2024-01-30,AJANTPHARM.NS,IND,SELL,1,2182.949951,INR
2024-01-30,ERIS.NS,IND,SELL,1,918.049988,INR
2024-01-30,ERIS.NS,IND,SELL,3,918.150024,INR
2024-01-30,AJANTPHARM.NS,IND,SELL,2,2183.649902,INR
2024-01-30,AJANTPHARM.NS,IND,SELL,7,2183.300049,INR
2024-01-30,AJANTPHARM.NS,IND,SELL,3,2183.600098,INR
2024-01-30,AJANTPHARM.NS,IND,SELL,3,2183.550049,INR
2024-01-30,AJANTPHARM.NS,IND,SELL,1,2183.5,INR
2024-01-30,AJANTPHARM.NS,IND,SELL,3,2183.399902,INR
2024-01-30,AJANTPHARM.NS,IND,SELL,2,2183.199951,INR
2024-01-30,AJANTPHARM.NS,IND,SELL,3,2183.149902,INR
2024-01-30,AJANTPHARM.NS,IND,SELL,3,2182.949951,INR
2024-01-30,AJANTPHARM.NS,IND,SELL,7,2183.199951,INR
2024-01-30,GRANULES.NS,IND,SELL,92,411.200012,INR
2024-01-30,DRREDDY.NS,IND,SELL,10,5874.149902,INR
2024-01-30,DRREDDY.NS,IND,SELL,5,5875.0,INR
2024-01-30,ERIS.NS,IND,SELL,1,917.950012,INR
2024-01-30,ERIS.NS,IND,SELL,2,917.950012,INR
2024-01-30,ERIS.NS,IND,SELL,1,917.950012,INR
2024-01-30,ERIS.NS,IND,SELL,1,918.400024,INR
2024-01-30,ERIS.NS,IND,SELL,1,918.0,INR
2024-01-30,ERIS.NS,IND,SELL,3,918.0,INR
2024-01-30,JBCHEPHARM.NS,IND,SELL,1,1677.050049,INR
2024-01-30,ERIS.NS,IND,SELL,1,918.0,INR
2024-01-30,ERIS.NS,IND,SELL,2,917.950012,INR
2024-01-30,ERIS.NS,IND,SELL,1,918.349976,INR
2024-01-30,ERIS.NS,IND,SELL,4,918.099976,INR
2024-01-30,GRANULES.NS,IND,SELL,16,411.200012,INR
2024-01-30,GRANULES.NS,IND,SELL,50,411.25,INR
2024-01-30,JBCHEPHARM.NS,IND,SELL,1,1677.0,INR
2024-01-30,GRANULES.NS,IND,SELL,12,411.25,INR
2024-01-30,ERIS.NS,IND,SELL,13,917.950012,INR
2024-01-30,ERIS.NS,IND,SELL,4,918.349976,INR
2024-01-30,ERIS.NS,IND,SELL,1,918.099976,INR
2024-01-30,PHARMABEES.NS,IND,BUY,8620,17.950001,INR
2024-01-30,PHARMABEES.NS,IND,BUY,750,17.950001,INR
2024-01-30,PHARMABEES.NS,IND,BUY,1,17.950001,INR
2024-01-30,PHARMABEES.NS,IND,BUY,100,17.950001,INR
2024-01-30,PHARMABEES.NS,IND,BUY,10,17.950001,INR
2024-01-30,PHARMABEES.NS,IND,BUY,50,17.950001,INR
2024-01-30,PHARMABEES.NS,IND,BUY,300,17.950001,INR
2024-01-30,PHARMABEES.NS,IND,BUY,8115,17.950001,INR
2024-01-30,PHARMABEES.NS,IND,BUY,400,17.950001,INR
2024-01-30,PHARMABEES.NS,IND,BUY,21645,17.950001,INR
2024-01-30,PHARMABEES.NS,IND,BUY,9,17.950001,INR
2024-01-30,INOXWIND.NS,IND,SELL,14,487.200012,INR
2024-01-30,TDPOWERSYS.NS,IND,SELL,48,301.100006,INR
2024-01-30,TDPOWERSYS.NS,IND,SELL,10,301.0,INR
2024-01-30,TDPOWERSYS.NS,IND,SELL,10,300.950012,INR
2024-01-30,TDPOWERSYS.NS,IND,SELL,18,300.950012,INR
2024-01-30,TDPOWERSYS.NS,IND,SELL,10,300.899994,INR
2024-01-30,TDPOWERSYS.NS,IND,SELL,9,300.899994,INR
2024-01-30,SBCL.NS,IND,SELL,69,572.75,INR
2024-01-30,SBCL.NS,IND,SELL,1,572.75,INR
2024-01-30,SBCL.NS,IND,SELL,10,573.099976,INR
2024-01-30,SBCL.NS,IND,SELL,7,573.049988,INR
2024-01-30,SBCL.NS,IND,SELL,2,572.75,INR
2024-01-30,SBCL.NS,IND,SELL,6,573.049988,INR
2024-01-30,SBCL.NS,IND,SELL,1,573.049988,INR
2024-01-30,SBCL.NS,IND,SELL,7,572.75,INR
2024-01-30,SBCL.NS,IND,SELL,1,573.0,INR
2024-01-30,SBCL.NS,IND,SELL,4,573.0,INR
2024-01-30,TECHNOE.NS,IND,SELL,6,824.400024,INR
2024-01-30,SHAKTIPUMP.NS,IND,SELL,4,1459.0,INR
2024-01-30,SHAKTIPUMP.NS,IND,SELL,1,1459.0,INR
2024-01-30,SHAKTIPUMP.NS,IND,SELL,10,1459.0,INR
2024-01-30,SHAKTIPUMP.NS,IND,SELL,22,1459.0,INR
2024-01-30,TECHNOE.NS,IND,SELL,1,824.400024,INR
2024-01-30,TECHNOE.NS,IND,SELL,4,824.450012,INR
2024-01-30,TECHNOE.NS,IND,SELL,2,824.450012,INR
2024-01-30,TECHNOE.NS,IND,SELL,1,824.450012,INR
2024-01-30,TECHNOE.NS,IND,SELL,2,824.450012,INR
2024-01-30,TECHNOE.NS,IND,SELL,1,824.450012,INR
2024-01-30,TECHNOE.NS,IND,SELL,2,824.450012,INR
2024-01-30,TECHNOE.NS,IND,SELL,1,824.450012,INR
2024-01-30,TECHNOE.NS,IND,SELL,2,824.450012,INR
2024-01-30,TECHNOE.NS,IND,SELL,1,824.450012,INR
2024-01-30,TECHNOE.NS,IND,SELL,2,824.450012,INR
2024-01-30,TECHNOE.NS,IND,SELL,1,824.450012,INR
2024-01-30,TECHNOE.NS,IND,SELL,2,824.450012,INR
2024-01-30,SKIPPER.NS,IND,SELL,1,240.25,INR
2024-01-30,TRITURBINE.NS,IND,SELL,38,374.600006,INR
2024-01-30,TECHNOE.NS,IND,SELL,1,824.450012,INR
2024-01-30,TRITURBINE.NS,IND,SELL,5,374.600006,INR
2024-01-30,TECHNOE.NS,IND,SELL,7,824.450012,INR
2024-01-30,TRITURBINE.NS,IND,SELL,10,374.600006,INR
2024-01-30,TECHNOE.NS,IND,SELL,8,824.450012,INR
2024-01-30,SKIPPER.NS,IND,SELL,5,240.350006,INR
2024-01-30,TECHNOE.NS,IND,SELL,2,824.450012,INR
2024-01-30,SKIPPER.NS,IND,SELL,1,240.25,INR
2024-01-30,SANGHVIMOV.NS,IND,SELL,1,770.150024,INR
2024-01-30,SKIPPER.NS,IND,SELL,5,240.25,INR
2024-01-30,SKIPPER.NS,IND,SELL,5,240.25,INR
2024-01-30,SKIPPER.NS,IND,SELL,1,240.25,INR
2024-01-30,SKIPPER.NS,IND,SELL,5,240.350006,INR
2024-01-30,SKIPPER.NS,IND,SELL,12,240.300003,INR
2024-01-30,SKIPPER.NS,IND,SELL,4,240.350006,INR
2024-01-30,SANGHVIMOV.NS,IND,SELL,4,770.349976,INR
2024-01-30,SANGHVIMOV.NS,IND,SELL,1,770.150024,INR
2024-01-30,SKIPPER.NS,IND,SELL,1,240.350006,INR
2024-01-30,SKIPPER.NS,IND,SELL,5,240.350006,INR
2024-01-30,SKIPPER.NS,IND,SELL,1,240.350006,INR
2024-01-30,SANGHVIMOV.NS,IND,SELL,1,770.650024,INR
2024-01-30,SKIPPER.NS,IND,SELL,5,240.350006,INR
2024-01-30,SKIPPER.NS,IND,SELL,1,240.350006,INR
2024-01-30,SKIPPER.NS,IND,SELL,5,240.350006,INR
2024-01-30,SKIPPER.NS,IND,SELL,7,240.350006,INR
2024-01-30,SKIPPER.NS,IND,SELL,5,240.350006,INR
2024-01-30,SKIPPER.NS,IND,SELL,20,240.300003,INR
2024-01-30,SKIPPER.NS,IND,SELL,1,240.350006,INR
2024-01-30,SKIPPER.NS,IND,SELL,1,240.25,INR
2024-01-30,SKIPPER.NS,IND,SELL,15,240.300003,INR
2024-01-30,SKIPPER.NS,IND,SELL,2,240.300003,INR
2024-01-30,SANGHVIMOV.NS,IND,SELL,5,770.150024,INR
2024-01-30,SANGHVIMOV.NS,IND,SELL,4,770.700012,INR
2024-01-30,SKIPPER.NS,IND,SELL,5,240.25,INR
2024-01-30,SKIPPER.NS,IND,SELL,5,240.300003,INR
2024-01-30,SANGHVIMOV.NS,IND,SELL,1,770.799988,INR
2024-01-30,SANGHVIMOV.NS,IND,SELL,5,770.799988,INR
2024-01-30,SANGHVIMOV.NS,IND,SELL,44,770.75,INR
2024-01-30,SANGHVIMOV.NS,IND,SELL,4,770.799988,INR
2024-01-30,INOXWIND.NS,IND,SELL,3,487.049988,INR
2024-01-30,INOXWIND.NS,IND,SELL,12,487.0,INR
2024-01-30,INOXWIND.NS,IND,SELL,36,487.049988,INR
2024-01-30,GANECOS.NS,IND,SELL,7,1039.5,INR
2024-01-30,GANECOS.NS,IND,SELL,1,1039.550049,INR
2024-01-30,GANECOS.NS,IND,SELL,11,1039.550049,INR
2024-01-30,GANECOS.NS,IND,SELL,11,1039.599976,INR
2024-01-30,IONEXCHANG.NS,IND,SELL,25,506.200012,INR
2024-01-30,IONEXCHANG.NS,IND,SELL,7,506.299988,INR
2024-01-30,GANECOS.NS,IND,SELL,4,1039.599976,INR
2024-01-30,IONEXCHANG.NS,IND,SELL,31,506.350006,INR
2024-01-30,GANECOS.NS,IND,SELL,1,1039.550049,INR
2024-01-30,GANECOS.NS,IND,SELL,4,1039.599976,INR
2024-01-30,GANECOS.NS,IND,SELL,5,1039.849976,INR
2024-01-30,MTARTECH.NS,IND,SELL,3,2126.100098,INR
2024-01-30,MTARTECH.NS,IND,SELL,17,2125.699951,INR
2024-01-30,PENIND.NS,IND,SELL,46,144.850006,INR
2024-01-30,PRAJIND.NS,IND,SELL,2,511.600006,INR
2024-01-30,PITTIENG.NS,IND,SELL,7,645.25,INR
2024-01-30,PENIND.NS,IND,SELL,6,144.850006,INR
2024-01-30,PENIND.NS,IND,SELL,13,144.850006,INR
2024-01-30,PENIND.NS,IND,SELL,40,144.899994,INR
2024-01-30,PENIND.NS,IND,SELL,76,144.899994,INR
2024-01-30,PRAJIND.NS,IND,SELL,1,511.75,INR
2024-01-30,KPITTECH.NS,IND,SELL,20,1381.900024,INR
2024-01-30,KPITTECH.NS,IND,SELL,2,1381.900024,INR
2024-01-30,INOXWIND.NS,IND,SELL,6,487.299988,INR
2024-01-30,KSB.NS,IND,SELL,1,3636.050049,INR
2024-01-30,PRAJIND.NS,IND,SELL,8,511.600006,INR
2024-01-30,INOXWIND.NS,IND,SELL,6,487.149994,INR
2024-01-30,GRAVITA.NS,IND,SELL,1,885.349976,INR
2024-01-30,GRAVITA.NS,IND,SELL,8,885.200012,INR
2024-01-30,GRAVITA.NS,IND,SELL,9,885.0,INR
2024-01-30,GRAVITA.NS,IND,SELL,10,884.950012,INR
2024-01-30,INOXWIND.NS,IND,SELL,8,487.100006,INR
2024-01-30,INOXWIND.NS,IND,SELL,1,487.049988,INR
2024-01-30,INOXWIND.NS,IND,SELL,1,487.399994,INR
2024-01-30,FIEMIND.NS,IND,SELL,2,2365.449951,INR
2024-01-30,FIEMIND.NS,IND,SELL,7,2365.399902,INR
2024-01-30,FIEMIND.NS,IND,SELL,2,2365.300049,INR
2024-01-30,FIEMIND.NS,IND,SELL,1,2365.25,INR
2024-01-30,FIEMIND.NS,IND,SELL,4,2365.100098,INR
2024-01-30,FIEMIND.NS,IND,SELL,2,2365.050049,INR
2024-01-30,KSB.NS,IND,SELL,1,3636.350098,INR
2024-01-30,PRAJIND.NS,IND,SELL,2,511.600006,INR
2024-01-30,TDPOWERSYS.NS,IND,SELL,1,301.049988,INR
2024-01-30,INOXWIND.NS,IND,SELL,4,487.25,INR
2024-01-30,PRAJIND.NS,IND,SELL,5,511.700012,INR
2024-01-30,BORORENEW.NS,IND,SELL,10,601.049988,INR
2024-01-30,BORORENEW.NS,IND,SELL,60,600.849976,INR
2024-01-30,PRAJIND.NS,IND,SELL,1,511.75,INR
2024-01-30,KSB.NS,IND,SELL,1,3635.5,INR
2024-01-30,BBL.NS,IND,SELL,1,5313.700195,INR
2024-01-30,BBL.NS,IND,SELL,1,5314.450195,INR
2024-01-30,BBL.NS,IND,SELL,4,5314.700195,INR
2024-01-30,BBL.NS,IND,SELL,2,5315.700195,INR
2024-01-30,PITTIENG.NS,IND,SELL,1,645.200012,INR
2024-01-30,PITTIENG.NS,IND,SELL,1,645.150024,INR
2024-01-30,PITTIENG.NS,IND,SELL,7,645.150024,INR
2024-01-30,PITTIENG.NS,IND,SELL,5,645.150024,INR
2024-01-30,PRAJIND.NS,IND,SELL,1,511.75,INR
2024-01-30,PITTIENG.NS,IND,SELL,1,645.099976,INR
2024-01-30,KSB.NS,IND,SELL,8,3635.449951,INR
2024-01-30,PITTIENG.NS,IND,SELL,7,645.099976,INR
2024-01-30,PRAJIND.NS,IND,SELL,17,511.600006,INR
2024-01-30,PITTIENG.NS,IND,SELL,9,645.099976,INR
2024-01-30,PITTIENG.NS,IND,SELL,1,645.049988,INR
2024-01-30,PITTIENG.NS,IND,SELL,5,645.049988,INR
2024-01-30,PRAJIND.NS,IND,SELL,8,511.600006,INR
2024-01-30,LIQUIDBEES.NS,IND,SELL,48,1000.0,INR
2024-01-30,PITTIENG.NS,IND,SELL,5,645.049988,INR
2024-01-30,PITTIENG.NS,IND,SELL,7,645.049988,INR
2024-01-30,PRAJIND.NS,IND,SELL,2,511.600006,INR
2024-01-30,MON100.NS,IND,SELL,70,142.399994,INR
2024-01-30,MON100.NS,IND,SELL,141,142.350006,INR
2024-01-30,MON100.NS,IND,SELL,30,142.5,INR
2024-01-30,MON100.NS,IND,SELL,70,142.509995,INR
2024-01-30,MON100.NS,IND,SELL,28,142.380005,INR
2024-01-30,MON100.NS,IND,SELL,70,142.509995,INR
2024-01-30,MON100.NS,IND,SELL,3,142.5,INR
2024-01-30,MON100.NS,IND,SELL,18,142.600006,INR
2024-01-30,MON100.NS,IND,SELL,69,142.509995,INR
2024-01-30,MON100.NS,IND,SELL,106,142.509995,INR
2024-01-30,MON100.NS,IND,SELL,70,142.509995,INR
2024-01-30,MON100.NS,IND,SELL,1,142.5,INR
2024-01-30,MON100.NS,IND,SELL,1000,142.5,INR
2024-01-30,MON100.NS,IND,SELL,1,142.380005,INR
2024-01-30,MON100.NS,IND,SELL,35,142.520004,INR
2024-01-30,MON100.NS,IND,SELL,36,142.380005,INR
2024-01-30,MON100.NS,IND,SELL,36,142.309998,INR
2024-01-30,MON100.NS,IND,SELL,1200,142.330002,INR
2024-01-30,MON100.NS,IND,SELL,70,142.509995,INR
2024-01-30,MON100.NS,IND,SELL,100,142.5,INR
2024-01-30,MON100.NS,IND,SELL,106,142.509995,INR
2024-01-30,MON100.NS,IND,SELL,1200,142.529999,INR
2024-01-30,MON100.NS,IND,SELL,152,142.509995,INR
2024-01-30,MON100.NS,IND,SELL,10,142.5,INR
2024-01-30,MON100.NS,IND,SELL,70,142.509995,INR
2024-01-30,MON100.NS,IND,SELL,37,142.529999,INR
2024-01-30,MON100.NS,IND,SELL,37,142.550003,INR
2024-01-30,MON100.NS,IND,SELL,40,142.600006,INR
2024-01-30,MON100.NS,IND,SELL,106,142.509995,INR
2024-01-30,MON100.NS,IND,SELL,106,142.509995,INR
2024-01-30,MON100.NS,IND,SELL,155,142.389999,INR
2024-01-30,MON100.NS,IND,SELL,220,142.520004,INR
2024-01-30,MON100.NS,IND,SELL,2,142.399994,INR
2024-01-30,MON100.NS,IND,SELL,106,142.509995,INR
2024-01-30,MON100.NS,IND,SELL,15,142.5,INR
2024-01-30,MON100.NS,IND,SELL,14,142.600006,INR
2024-01-30,MON100.NS,IND,SELL,10,142.5,INR
2024-01-30,MON100.NS,IND,SELL,70,142.509995,INR
2024-01-30,MON100.NS,IND,SELL,38,142.559998,INR
2024-01-30,MON100.NS,IND,SELL,1,142.479996,INR
2024-01-30,MON100.NS,IND,SELL,106,142.509995,INR
2024-01-30,MON100.NS,IND,SELL,70,142.509995,INR
2024-01-30,MON100.NS,IND,SELL,10,142.5,INR
2024-01-30,MON100.NS,IND,SELL,106,142.509995,INR
2024-01-30,MON100.NS,IND,SELL,1,142.389999,INR
2024-01-30,MON100.NS,IND,SELL,113,142.440002,INR
2024-01-30,MON100.NS,IND,SELL,1,142.449997,INR
2024-01-30,MON100.NS,IND,SELL,50,142.600006,INR
2024-01-30,MON100.NS,IND,SELL,106,142.509995,INR
2024-01-30,MON100.NS,IND,SELL,1,142.550003,INR
2024-01-30,MON100.NS,IND,SELL,197,142.339996,INR
2024-01-30,MON100.NS,IND,SELL,1,142.399994,INR
2024-01-30,MON100.NS,IND,SELL,71,142.490005,INR
2024-01-30,MON100.NS,IND,SELL,1,142.399994,INR
2024-01-30,MON100.NS,IND,SELL,3,142.5,INR
2024-01-30,MON100.NS,IND,SELL,70,142.509995,INR
2024-01-30,MON100.NS,IND,SELL,176,142.570007,INR
2024-01-30,MON100.NS,IND,SELL,2,142.490005,INR
2024-01-30,MON100.NS,IND,SELL,140,142.240005,INR
2024-01-30,MON100.NS,IND,SELL,762,142.240005,INR
2024-01-30,MON100.NS,IND,SELL,30,142.600006,INR
2024-01-30,MON100.NS,IND,SELL,3,142.600006,INR
2024-01-30,MON100.NS,IND,SELL,6,142.300003,INR
2024-01-30,MON100.NS,IND,SELL,239,142.289993,INR
2024-01-30,MON100.NS,IND,SELL,42,142.240005,INR
2024-01-30,MON100.NS,IND,SELL,119,142.240005,INR
2024-01-30,MON100.NS,IND,SELL,35,142.240005,INR
2024-01-30,MON100.NS,IND,SELL,141,142.240005,INR
2024-01-30,MON100.NS,IND,SELL,119,142.240005,INR
2024-01-30,MON100.NS,IND,SELL,500,142.229996,INR
2024-01-30,MON100.NS,IND,SELL,194,142.630005,INR
2024-01-30,MON100.NS,IND,SELL,90,142.630005,INR
2024-01-30,MON100.NS,IND,SELL,13,142.630005,INR
2024-01-30,MON100.NS,IND,SELL,285,142.630005,INR
2024-01-30,MON100.NS,IND,SELL,110,142.220001,INR
2024-01-30,HDFCSML250.NS,IND,SELL,7,148.949997,INR
2024-01-30,NIFTYBEES.NS,IND,SELL,100,240.309998,INR
2024-01-30,NIFTYBEES.NS,IND,SELL,327,240.300003,INR
2024-01-30,NIFTYBEES.NS,IND,SELL,4,240.300003,INR
2024-01-30,NIFTYBEES.NS,IND,SELL,62,240.300003,INR
2024-01-30,NIFTYBEES.NS,IND,SELL,416,240.339996,INR
2024-01-30,NIFTYBEES.NS,IND,SELL,41,240.330002,INR
2024-01-30,NIFTYBEES.NS,IND,SELL,1837,240.350006,INR
2024-01-30,NIFTYBEES.NS,IND,SELL,50,240.350006,INR
2024-01-30,NIFTYBEES.NS,IND,SELL,1,240.350006,INR
2024-01-30,NIFTYBEES.NS,IND,SELL,5,240.330002,INR
2024-01-30,NIFTYBEES.NS,IND,SELL,1042,240.350006,INR
2024-01-30,NIFTYBEES.NS,IND,SELL,133,240.300003,INR
2024-01-30,NIFTYBEES.NS,IND,SELL,158,240.300003,INR
2024-01-30,NIFTYBEES.NS,IND,SELL,50,240.300003,INR
2024-01-30,NIFTYBEES.NS,IND,SELL,5000,240.320007,INR
2024-01-30,NIFTYBEES.NS,IND,SELL,20,240.350006,INR
2024-01-30,NIFTYBEES.NS,IND,SELL,5,240.300003,INR
2024-01-30,HDFCSML250.NS,IND,SELL,2,148.949997,INR
2024-01-30,HDFCSML250.NS,IND,SELL,2,148.949997,INR
2024-01-30,HDFCSML250.NS,IND,SELL,100,148.949997,INR
2024-01-30,SENSEXBEES.NS,IND,SELL,1043,800.869995,INR
2024-01-30,SENSEXBEES.NS,IND,SELL,1,800.890015,INR
2024-01-30,HDFCSML250.NS,IND,SELL,5,148.949997,INR
2024-01-30,HDFCSML250.NS,IND,SELL,6,148.949997,INR
2024-01-30,HDFCSML250.NS,IND,SELL,20,148.949997,INR
2024-01-30,HDFCSML250.NS,IND,SELL,203,148.949997,INR
2024-01-30,HDFCSML250.NS,IND,SELL,1,148.949997,INR
2024-01-30,HDFCSML250.NS,IND,SELL,1,148.949997,INR
2024-01-30,HDFCSML250.NS,IND,SELL,396,148.949997,INR
2024-01-30,HDFCSML250.NS,IND,SELL,2,148.949997,INR
2024-01-30,HDFCSML250.NS,IND,SELL,1,148.949997,INR
2024-01-30,HDFCSML250.NS,IND,SELL,319,148.949997,INR
2024-01-30,HDFCSML250.NS,IND,SELL,300,148.949997,INR
2024-01-30,HDFCSML250.NS,IND,SELL,3,148.949997,INR
2024-01-30,HDFCSML250.NS,IND,SELL,3,148.949997,INR
2024-01-30,HDFCSML250.NS,IND,SELL,25,148.949997,INR
2024-01-30,HDFCSML250.NS,IND,SELL,1,148.949997,INR
2024-01-30,HDFCSML250.NS,IND,SELL,16,148.949997,INR
2024-01-30,HDFCSML250.NS,IND,SELL,3,148.949997,INR
2024-01-30,HDFCSML250.NS,IND,SELL,3,148.949997,INR
2024-01-30,HDFCSML250.NS,IND,SELL,100,148.949997,INR
2024-01-30,HDFCSML250.NS,IND,SELL,2,148.949997,INR
2024-01-30,HDFCSML250.NS,IND,SELL,1,148.949997,INR
2024-01-30,HDFCSML250.NS,IND,SELL,160,148.949997,INR
2024-01-30,HDFCSML250.NS,IND,SELL,2,148.949997,INR
2024-01-30,HDFCSML250.NS,IND,SELL,55,148.949997,INR
2024-01-30,HDFCSML250.NS,IND,SELL,5,148.949997,INR
2024-01-30,PHARMABEES.NS,IND,SELL,185,17.959999,INR
2024-01-30,PHARMABEES.NS,IND,SELL,750,17.959999,INR
2024-01-30,PHARMABEES.NS,IND,SELL,169,17.959999,INR
2024-01-30,PHARMABEES.NS,IND,SELL,12,17.959999,INR
2024-01-30,PHARMABEES.NS,IND,SELL,100,17.959999,INR
2024-01-30,PHARMABEES.NS,IND,SELL,50,17.959999,INR
2024-01-30,PHARMABEES.NS,IND,SELL,7,17.959999,INR
2024-01-30,PHARMABEES.NS,IND,SELL,4,17.959999,INR
2024-01-30,PHARMABEES.NS,IND,SELL,108,17.959999,INR
2024-01-30,PHARMABEES.NS,IND,SELL,75,17.959999,INR
2024-01-30,PHARMABEES.NS,IND,SELL,13,17.959999,INR
2024-01-30,PHARMABEES.NS,IND,SELL,1,17.959999,INR
2024-01-30,PHARMABEES.NS,IND,SELL,9,17.959999,INR
2024-01-30,PHARMABEES.NS,IND,SELL,10,17.959999,INR
2024-01-30,PHARMABEES.NS,IND,SELL,2,17.959999,INR
2024-01-30,PHARMABEES.NS,IND,SELL,6,17.959999,INR
2024-01-30,PHARMABEES.NS,IND,SELL,1,17.959999,INR
2024-01-30,PHARMABEES.NS,IND,SELL,200,17.959999,INR
2024-01-30,PHARMABEES.NS,IND,SELL,1,17.959999,INR
2024-01-30,PHARMABEES.NS,IND,SELL,556,17.959999,INR
2024-01-30,PHARMABEES.NS,IND,SELL,1,17.959999,INR
2024-01-30,PHARMABEES.NS,IND,SELL,11,17.959999,INR
2024-01-30,PHARMABEES.NS,IND,SELL,2,17.959999,INR
2024-01-30,PHARMABEES.NS,IND,SELL,1,17.959999,INR
2024-01-30,PHARMABEES.NS,IND,SELL,1,17.959999,INR
2024-01-30,PHARMABEES.NS,IND,SELL,300,17.959999,INR
2024-01-30,PHARMABEES.NS,IND,SELL,5,17.959999,INR
2024-01-30,PHARMABEES.NS,IND,SELL,1,17.959999,INR
2024-01-30,PHARMABEES.NS,IND,SELL,1,17.959999,INR
2024-01-30,PHARMABEES.NS,IND,SELL,80,17.959999,INR
2024-01-30,PHARMABEES.NS,IND,SELL,1,17.959999,INR
2024-01-30,PHARMABEES.NS,IND,SELL,27,17.959999,INR
2024-01-30,PHARMABEES.NS,IND,SELL,200,17.959999,INR
2024-01-30,PHARMABEES.NS,IND,SELL,3,17.959999,INR
2024-01-30,PHARMABEES.NS,IND,SELL,1,17.959999,INR
2024-01-30,PHARMABEES.NS,IND,SELL,1,17.959999,INR
2024-01-30,PHARMABEES.NS,IND,SELL,11,17.959999,INR
2024-01-30,PHARMABEES.NS,IND,SELL,400,17.959999,INR
2024-01-30,PHARMABEES.NS,IND,SELL,2,17.959999,INR
2024-01-30,PHARMABEES.NS,IND,SELL,5,17.959999,INR
2024-01-30,PHARMABEES.NS,IND,SELL,5,17.959999,INR
2024-01-30,PHARMABEES.NS,IND,SELL,1,17.959999,INR
2024-01-30,PHARMABEES.NS,IND,SELL,1,17.959999,INR
2024-01-30,PHARMABEES.NS,IND,SELL,4,17.959999,INR
2024-01-30,PHARMABEES.NS,IND,SELL,1,17.959999,INR
2024-01-30,PHARMABEES.NS,IND,SELL,9,17.959999,INR
2024-01-30,PHARMABEES.NS,IND,SELL,1,17.959999,INR
2024-01-30,PHARMABEES.NS,IND,SELL,18,17.959999,INR
2024-01-30,PHARMABEES.NS,IND,SELL,10,17.959999,INR
2024-01-30,PHARMABEES.NS,IND,SELL,25,17.959999,INR
2024-01-30,PHARMABEES.NS,IND,SELL,13,17.959999,INR
2024-01-30,PHARMABEES.NS,IND,SELL,2,17.959999,INR
2024-01-30,PHARMABEES.NS,IND,SELL,1,17.959999,INR
2024-01-30,PHARMABEES.NS,IND,SELL,8,17.959999,INR
2024-01-30,PHARMABEES.NS,IND,SELL,8,17.959999,INR
2024-01-30,PHARMABEES.NS,IND,SELL,2,17.959999,INR
2024-01-30,PHARMABEES.NS,IND,SELL,1,17.959999,INR
2024-01-30,PHARMABEES.NS,IND,SELL,50,17.959999,INR
2024-01-30,PHARMABEES.NS,IND,SELL,1,17.959999,INR
2024-01-30,PHARMABEES.NS,IND,SELL,50,17.959999,INR
2024-01-30,PHARMABEES.NS,IND,SELL,1,17.959999,INR
2024-01-30,PHARMABEES.NS,IND,SELL,5,17.959999,INR
2024-01-30,PHARMABEES.NS,IND,SELL,51,17.959999,INR
2024-01-30,PHARMABEES.NS,IND,SELL,2,17.959999,INR
2024-01-30,PHARMABEES.NS,IND,SELL,27,17.959999,INR
2024-01-30,PHARMABEES.NS,IND,SELL,5,17.959999,INR
2024-01-30,PHARMABEES.NS,IND,SELL,1,17.959999,INR
2024-01-30,PHARMABEES.NS,IND,SELL,1,17.959999,INR
2024-01-30,PHARMABEES.NS,IND,SELL,11,17.959999,INR
2024-01-30,PHARMABEES.NS,IND,SELL,10,17.959999,INR
2024-01-30,PHARMABEES.NS,IND,SELL,5,17.959999,INR
2024-01-30,PHARMABEES.NS,IND,SELL,10,17.959999,INR
2024-01-30,PHARMABEES.NS,IND,SELL,1,17.959999,INR
2024-01-30,PHARMABEES.NS,IND,SELL,15,17.959999,INR
2024-01-30,PHARMABEES.NS,IND,SELL,362,17.959999,INR
2024-01-30,PHARMABEES.NS,IND,SELL,11,17.959999,INR
2024-01-30,PHARMABEES.NS,IND,SELL,125,17.959999,INR
2024-01-30,PHARMABEES.NS,IND,SELL,2,17.959999,INR
2024-01-30,PHARMABEES.NS,IND,SELL,1,17.959999,INR
2024-01-30,PHARMABEES.NS,IND,SELL,8,17.959999,INR
2024-01-30,PHARMABEES.NS,IND,SELL,1,17.959999,INR
2024-01-30,PHARMABEES.NS,IND,SELL,20,17.959999,INR
2024-01-30,PHARMABEES.NS,IND,SELL,10,17.959999,INR
2024-01-30,PHARMABEES.NS,IND,SELL,2,17.959999,INR
2024-01-30,PHARMABEES.NS,IND,SELL,100,17.959999,INR
2024-01-30,PHARMABEES.NS,IND,SELL,1,17.959999,INR
2024-01-30,PHARMABEES.NS,IND,SELL,5,17.959999,INR
2024-01-30,PHARMABEES.NS,IND,SELL,2,17.959999,INR
2024-01-30,PHARMABEES.NS,IND,SELL,2,17.959999,INR
2024-01-30,PHARMABEES.NS,IND,SELL,500,17.959999,INR
2024-01-30,PHARMABEES.NS,IND,SELL,2,17.959999,INR
2024-01-30,PHARMABEES.NS,IND,SELL,2,17.959999,INR
2024-01-30,PHARMABEES.NS,IND,SELL,1,17.959999,INR
2024-01-30,PHARMABEES.NS,IND,SELL,1,17.959999,INR
2024-01-30,PHARMABEES.NS,IND,SELL,100,17.959999,INR
2024-01-30,PHARMABEES.NS,IND,SELL,100,17.959999,INR
2024-01-30,PHARMABEES.NS,IND,SELL,2,17.959999,INR
2024-01-30,PHARMABEES.NS,IND,SELL,15,17.959999,INR
2024-01-30,PHARMABEES.NS,IND,SELL,1,17.959999,INR
2024-01-30,PHARMABEES.NS,IND,SELL,3,17.959999,INR
2024-01-30,PHARMABEES.NS,IND,SELL,1,17.959999,INR
2024-01-30,PHARMABEES.NS,IND,SELL,1,17.959999,INR
2024-01-30,PHARMABEES.NS,IND,SELL,25,17.959999,INR
2024-01-30,PHARMABEES.NS,IND,SELL,3,17.959999,INR
2024-01-30,PHARMABEES.NS,IND,SELL,1000,17.959999,INR
2024-01-30,PHARMABEES.NS,IND,SELL,2,17.959999,INR
2024-01-30,PHARMABEES.NS,IND,SELL,100,17.959999,INR
2024-01-30,PHARMABEES.NS,IND,SELL,1,17.959999,INR
2024-01-30,PHARMABEES.NS,IND,SELL,1,17.959999,INR
2024-01-30,MIDCAPIETF.NS,IND,SELL,912,181.059998,INR
2024-01-30,MIDCAPIETF.NS,IND,SELL,138,181.110001,INR
2024-01-30,MIDCAPIETF.NS,IND,SELL,200,181.100006,INR
2024-01-30,MIDCAPIETF.NS,IND,SELL,105,181.5,INR
2024-01-30,MIDCAPIETF.NS,IND,SELL,300,181.5,INR
2024-01-30,PHARMABEES.NS,IND,SELL,1,17.959999,INR
2024-01-30,PHARMABEES.NS,IND,SELL,2,17.959999,INR
2024-01-30,PHARMABEES.NS,IND,SELL,3,17.959999,INR
2024-01-30,PHARMABEES.NS,IND,SELL,14,17.959999,INR
2024-01-30,PHARMABEES.NS,IND,SELL,12,17.959999,INR
2024-01-30,PHARMABEES.NS,IND,SELL,1,17.959999,INR
2024-01-30,PHARMABEES.NS,IND,SELL,1,17.959999,INR
2024-01-30,PHARMABEES.NS,IND,SELL,1,17.959999,INR
2024-01-30,BANKBEES.NS,IND,SELL,3,462.51001,INR
2024-01-30,BANKBEES.NS,IND,SELL,779,462.51001,INR
2024-01-30,BANKBEES.NS,IND,SELL,40,462.549988,INR
2024-01-30,BANKBEES.NS,IND,SELL,1,462.600006,INR
2024-01-30,BANKBEES.NS,IND,SELL,3,462.670013,INR
2024-01-30,BANKBEES.NS,IND,SELL,1,462.679993,INR
2024-01-30,BANKBEES.NS,IND,SELL,424,462.690002,INR
2024-01-30,BANKBEES.NS,IND,SELL,49,462.720001,INR
2024-01-30,PHARMABEES.NS,IND,SELL,2,17.959999,INR
2024-01-30,PHARMABEES.NS,IND,SELL,10,17.959999,INR
2024-01-30,PHARMABEES.NS,IND,SELL,3750,17.93,INR
2024-01-30,PHARMABEES.NS,IND,SELL,586,17.93,INR
2024-01-30,PHARMABEES.NS,IND,SELL,458,17.93,INR
2024-01-30,PHARMABEES.NS,IND,SELL,500,17.93,INR
2024-01-30,PHARMABEES.NS,IND,SELL,80,17.93,INR
2024-01-30,PHARMABEES.NS,IND,SELL,500,17.93,INR
2024-01-30,PHARMABEES.NS,IND,SELL,5000,17.93,INR
2024-01-30,PHARMABEES.NS,IND,SELL,25,17.93,INR
2024-01-30,PHARMABEES.NS,IND,SELL,100,17.93,INR
2024-01-30,PHARMABEES.NS,IND,SELL,28,17.93,INR
2024-01-30,PHARMABEES.NS,IND,SELL,25,17.940001,INR
2024-01-30,PHARMABEES.NS,IND,SELL,30,17.940001,INR
2024-01-30,PHARMABEES.NS,IND,SELL,1394,17.940001,INR
2024-01-30,PHARMABEES.NS,IND,SELL,30,17.940001,INR
2024-01-30,PHARMABEES.NS,IND,SELL,5,17.940001,INR
2024-01-30,PHARMABEES.NS,IND,SELL,500,17.940001,INR
2024-01-30,PHARMABEES.NS,IND,SELL,500,17.940001,INR
2024-01-30,PHARMABEES.NS,IND,SELL,100,17.940001,INR
2024-01-30,PHARMABEES.NS,IND,SELL,100,17.940001,INR
2024-01-30,PHARMABEES.NS,IND,SELL,750,17.940001,INR
2024-01-30,PHARMABEES.NS,IND,SELL,20,17.940001,INR
2024-01-30,PHARMABEES.NS,IND,SELL,287,17.940001,INR
2024-01-30,PHARMABEES.NS,IND,SELL,18973,17.940001,INR
2024-01-30,PHARMABEES.NS,IND,SELL,30,17.959999,INR
2024-01-30,ITBEES.NS,IND,SELL,554,39.099998,INR
2024-01-30,ITBEES.NS,IND,SELL,198,39.09,INR
2024-01-30,ITBEES.NS,IND,SELL,10,39.09,INR
2024-01-30,ITBEES.NS,IND,SELL,1500,39.09,INR
2024-01-30,ITBEES.NS,IND,SELL,20606,39.09,INR
2024-01-30,ITBEES.NS,IND,SELL,5,39.080002,INR
2024-01-30,ITBEES.NS,IND,SELL,5,39.080002,INR
2024-01-30,ITBEES.NS,IND,SELL,706,39.080002,INR
2024-01-30,ITBEES.NS,IND,SELL,4666,39.080002,INR
2024-01-30,HDFCSML250.NS,IND,SELL,1,148.600006,INR
2024-01-30,MIDCAPIETF.NS,IND,SELL,1,181.009995,INR
2024-01-30,TORNTPOWER.NS,IND,SELL,43,1020.799988,INR
2024-01-30,TORNTPOWER.NS,IND,SELL,2,1020.799988,INR
2024-01-30,TATAPOWER.NS,IND,SELL,15,383.799988,INR
2024-01-30,TATAPOWER.NS,IND,SELL,38,383.799988,INR
2024-01-30,TATAPOWER.NS,IND,SELL,99,383.799988,INR
2024-01-30,RELIANCE.NS,IND,SELL,1,2859.149902,INR
2024-01-30,RELIANCE.NS,IND,SELL,2,2859.149902,INR
2024-01-30,RELIANCE.NS,IND,SELL,8,2859.149902,INR
2024-01-30,RELIANCE.NS,IND,SELL,1,2859.149902,INR
2024-01-30,RELIANCE.NS,IND,SELL,2,2859.149902,INR
2024-01-30,RELIANCE.NS,IND,SELL,8,2859.149902,INR
2024-01-30,RELIANCE.NS,IND,SELL,1,2859.149902,INR
2024-01-30,RELIANCE.NS,IND,SELL,2,2859.149902,INR
2024-01-30,RELIANCE.NS,IND,SELL,5,2859.149902,INR
2024-01-30,SJVN.NS,IND,SELL,370,129.350006,INR
2024-01-30,GSPL.NS,IND,SELL,19,362.350006,INR
2024-01-30,GSPL.NS,IND,SELL,5,362.350006,INR
2024-01-30,GSPL.NS,IND,SELL,78,362.350006,INR
2024-01-30,GAIL.NS,IND,SELL,378,175.199997,INR
2024-01-30,GSPL.NS,IND,SELL,34,362.399994,INR
2024-01-30,OIL.NS,IND,SELL,1,434.200012,INR
2024-01-30,OIL.NS,IND,SELL,1,434.200012,INR
2024-01-30,OIL.NS,IND,SELL,154,434.149994,INR
2024-01-30,NHPC.NS,IND,SELL,909,90.449997,INR
2024-01-30,OIL.NS,IND,SELL,30,434.100006,INR
2024-01-30,OIL.NS,IND,SELL,1,434.100006,INR
2024-01-30,GSPL.NS,IND,SELL,50,362.399994,INR
2024-01-30,GSPL.NS,IND,SELL,22,362.399994,INR
2024-01-30,BPCL.NS,IND,SELL,154,511.0,INR
2024-01-30,BPCL.NS,IND,SELL,18,511.0,INR
2024-01-30,GSPL.NS,IND,SELL,1,362.399994,INR
2024-01-30,GSPL.NS,IND,SELL,1,362.399994,INR
2024-01-30,NTPC.NS,IND,SELL,58,321.299988,INR
2024-01-30,NTPC.NS,IND,SELL,99,321.299988,INR
2024-01-30,NTPC.NS,IND,SELL,57,321.299988,INR
2024-01-30,POWERGRID.NS,IND,SELL,50,254.199997,INR
2024-01-30,POWERGRID.NS,IND,SELL,13,254.199997,INR
2024-01-30,GSPL.NS,IND,SELL,1,362.399994,INR
2024-01-30,ONGC.NS,IND,SELL,257,260.850006,INR
2024-01-30,GSPL.NS,IND,SELL,10,362.399994,INR
2024-01-30,ONGC.NS,IND,SELL,96,260.75,INR
2024-01-30,GSPL.NS,IND,SELL,22,362.399994,INR
2024-01-30,POWERGRID.NS,IND,SELL,196,254.199997,INR
2024-01-30,POWERGRID.NS,IND,SELL,38,254.199997,INR
2024-01-30,COALINDIA.NS,IND,SELL,175,407.700012,INR
2024-01-30,NXST.NS,IND,BUY,33,128.509995,INR
2024-01-30,NXST.NS,IND,BUY,161,128.509995,INR
2024-01-30,NXST.NS,IND,BUY,45,128.570007,INR
2024-01-30,NXST.NS,IND,BUY,115,128.990005,INR
2024-01-30,NXST.NS,IND,BUY,4,128.570007,INR
2024-01-30,NXST.NS,IND,BUY,48,129.0,INR
2024-01-30,NXST.NS,IND,BUY,1,129.0,INR
2024-01-30,NXST.NS,IND,BUY,67,129.0,INR
2024-01-30,NXST.NS,IND,BUY,37,128.580002,INR
2024-01-30,NXST.NS,IND,BUY,19,128.600006,INR
2024-01-30,NXST.NS,IND,BUY,15,128.509995,INR
2024-01-30,NXST.NS,IND,BUY,12,128.509995,INR
2024-01-30,NXST.NS,IND,BUY,6,128.509995,INR
2024-01-30,MINDSPACE.NS,IND,BUY,164,326.859985,INR
2024-01-30,MINDSPACE.NS,IND,BUY,56,326.850006,INR
2024-01-30,PHOENIXLTD.NS,IND,BUY,2,2357.149902,INR
2024-01-30,PHOENIXLTD.NS,IND,BUY,1,2357.149902,INR
2024-01-30,PHOENIXLTD.NS,IND,BUY,2,2357.149902,INR
2024-01-30,PHOENIXLTD.NS,IND,BUY,1,2357.149902,INR
2024-01-30,PHOENIXLTD.NS,IND,BUY,2,2357.149902,INR
2024-01-30,PHOENIXLTD.NS,IND,BUY,1,2357.149902,INR
2024-01-30,PHOENIXLTD.NS,IND,BUY,44,2357.550049,INR
2024-01-30,GODREJPROP.NS,IND,BUY,11,2343.899902,INR
2024-01-30,DLF.NS,IND,BUY,2,773.950012,INR
2024-01-30,GODREJPROP.NS,IND,BUY,2,2343.899902,INR
2024-01-30,GODREJPROP.NS,IND,BUY,2,2343.899902,INR
2024-01-30,EMBASSY.NS,IND,BUY,199,356.880005,INR
2024-01-30,GODREJPROP.NS,IND,BUY,2,2343.899902,INR
2024-01-30,GODREJPROP.NS,IND,BUY,4,2343.899902,INR
2024-01-30,GODREJPROP.NS,IND,BUY,2,2343.899902,INR
2024-01-30,GODREJPROP.NS,IND,BUY,2,2343.899902,INR
2024-01-30,GODREJPROP.NS,IND,BUY,2,2343.899902,INR
2024-01-30,GODREJPROP.NS,IND,BUY,2,2343.899902,INR
2024-01-30,GODREJPROP.NS,IND,BUY,4,2343.899902,INR
2024-01-30,GODREJPROP.NS,IND,BUY,10,2343.899902,INR
2024-01-30,GODREJPROP.NS,IND,BUY,1,2343.899902,INR
2024-01-30,DLF.NS,IND,BUY,2,773.950012,INR
2024-01-30,DLF.NS,IND,BUY,158,773.950012,INR
2024-01-30,PHOENIXLTD.NS,IND,BUY,1,2357.149902,INR
2024-01-30,BRIGADE.NS,IND,BUY,10,1025.199951,INR
2024-01-30,BRIGADE.NS,IND,BUY,1,1025.0,INR
2024-01-30,PHOENIXLTD.NS,IND,BUY,2,2357.149902,INR
2024-01-30,PHOENIXLTD.NS,IND,BUY,1,2357.149902,INR
2024-01-30,BRIGADE.NS,IND,BUY,1,1025.0,INR
2024-01-30,BRIGADE.NS,IND,BUY,1,1025.0,INR
2024-01-30,BRIGADE.NS,IND,BUY,1,1025.0,INR
2024-01-30,BRIGADE.NS,IND,BUY,24,1024.949951,INR
2024-01-30,BRIGADE.NS,IND,BUY,13,1024.949951,INR
2024-01-30,BRIGADE.NS,IND,BUY,1,1025.0,INR
2024-01-30,OBEROIRLTY.NS,IND,BUY,4,1308.650024,INR
2024-01-30,BRIGADE.NS,IND,BUY,3,1024.949951,INR
2024-01-30,OBEROIRLTY.NS,IND,BUY,28,1308.650024,INR
2024-01-30,BRIGADE.NS,IND,BUY,13,1024.949951,INR
2024-01-30,BRIGADE.NS,IND,BUY,22,1024.949951,INR
2024-01-30,BRIGADE.NS,IND,BUY,10,1024.949951,INR
2024-01-30,PHOENIXLTD.NS,IND,BUY,9,2357.149902,INR
2024-01-30,PHOENIXLTD.NS,IND,BUY,2,2357.149902,INR
2024-01-30,PHOENIXLTD.NS,IND,BUY,1,2357.149902,INR
2024-01-30,PHOENIXLTD.NS,IND,BUY,2,2357.149902,INR
2024-01-30,BRIGADE.NS,IND,BUY,1,1025.0,INR
2024-01-30,PRESTIGE.NS,IND,BUY,32,1204.199951,INR
2024-01-30,PRESTIGE.NS,IND,BUY,3,1204.199951,INR
2024-01-30,PRESTIGE.NS,IND,BUY,20,1203.300049,INR
2024-01-30,OBEROIRLTY.NS,IND,BUY,9,1308.599976,INR
2024-01-30,OBEROIRLTY.NS,IND,BUY,1,1308.599976,INR
2024-01-30,OBEROIRLTY.NS,IND,BUY,3,1308.599976,INR
2024-01-30,OBEROIRLTY.NS,IND,BUY,1,1308.650024,INR
2024-01-30,OBEROIRLTY.NS,IND,BUY,12,1308.599976,INR
2024-01-30,BRIGADE.NS,IND,BUY,1,1025.0,INR
2024-01-30,OBEROIRLTY.NS,IND,BUY,3,1308.599976,INR
2024-01-30,BRIGADE.NS,IND,BUY,4,1025.0,INR
2024-01-30,BRIGADE.NS,IND,BUY,1,1025.0,INR
2024-01-30,OBEROIRLTY.NS,IND,BUY,1,1308.650024,INR
2024-01-30,BRIGADE.NS,IND,BUY,1,1025.0,INR
2024-01-30,PRESTIGE.NS,IND,BUY,45,1204.199951,INR
2024-01-30,BRIGADE.NS,IND,BUY,2,1025.199951,INR
2024-01-30,OBEROIRLTY.NS,IND,BUY,15,1308.400024,INR
2024-01-30,BRIGADE.NS,IND,BUY,1,1025.0,INR
2024-01-30,BRIGADE.NS,IND,BUY,1,1025.0,INR
2024-01-30,BRIGADE.NS,IND,BUY,11,1025.150024,INR
2024-01-30,OBEROIRLTY.NS,IND,BUY,5,1308.599976,INR
2024-01-30,BRIGADE.NS,IND,BUY,2,1025.050049,INR
2024-01-30,OBEROIRLTY.NS,IND,BUY,4,1308.599976,INR
2024-01-30,BRIGADE.NS,IND,BUY,1,1025.050049,INR
2024-01-30,BRIGADE.NS,IND,BUY,1,1025.0,INR
2024-01-30,PRESTIGE.NS,IND,BUY,1,1203.300049,INR
2024-01-30,BRIGADE.NS,IND,BUY,1,1025.0,INR
2024-01-30,OBEROIRLTY.NS,IND,BUY,16,1308.650024,INR
2024-01-30,PRESTIGE.NS,IND,BUY,2,1204.150024,INR
2024-01-30,NATIONALUM.NS,IND,SELL,200,147.649994,INR
2024-01-30,JSWSTEEL.NS,IND,SELL,3,827.25,INR
2024-01-30,JSWSTEEL.NS,IND,SELL,14,827.25,INR
2024-01-30,SAIL.NS,IND,SELL,71,122.550003,INR
2024-01-30,SAIL.NS,IND,SELL,555,122.599998,INR
2024-01-30,RATNAMANI.NS,IND,SELL,11,3205.0,INR
2024-01-30,RATNAMANI.NS,IND,SELL,3,3205.25,INR
2024-01-30,RATNAMANI.NS,IND,SELL,25,3205.550049,INR
2024-01-30,RATNAMANI.NS,IND,SELL,1,3205.25,INR
2024-01-30,JSWSTEEL.NS,IND,SELL,10,827.25,INR
2024-01-30,NATIONALUM.NS,IND,SELL,28,147.649994,INR
2024-01-30,MOIL.NS,IND,SELL,4,349.600006,INR
2024-01-30,MOIL.NS,IND,SELL,4,349.600006,INR
2024-01-30,TATASTEEL.NS,IND,SELL,638,136.300003,INR
2024-01-30,JSWSTEEL.NS,IND,SELL,3,827.25,INR
2024-01-30,MOIL.NS,IND,SELL,18,349.600006,INR
2024-01-30,MOIL.NS,IND,SELL,8,349.600006,INR
2024-01-30,MOIL.NS,IND,SELL,18,349.600006,INR
2024-01-30,MOIL.NS,IND,SELL,5,349.600006,INR
2024-01-30,MOIL.NS,IND,SELL,2,349.649994,INR
2024-01-30,JSWSTEEL.NS,IND,SELL,14,827.25,INR
2024-01-30,MOIL.NS,IND,SELL,104,349.649994,INR
2024-01-30,MOIL.NS,IND,SELL,87,349.75,INR
2024-01-30,NATIONALUM.NS,IND,SELL,455,147.649994,INR
2024-01-30,JSWSTEEL.NS,IND,SELL,96,827.349976,INR
2024-01-30,NMDC.NS,IND,SELL,106,222.449997,INR
2024-01-30,NMDC.NS,IND,SELL,150,222.449997,INR
2024-01-30,NMDC.NS,IND,SELL,150,222.5,INR
2024-01-30,HINDALCO.NS,IND,SELL,142,579.650024,INR
2024-01-30,APLAPOLLO.NS,IND,SELL,22,1505.099976,INR
2024-01-30,APLAPOLLO.NS,IND,SELL,1,1505.550049,INR
2024-01-30,APLAPOLLO.NS,IND,SELL,32,1505.550049,INR
2024-01-30,APLAPOLLO.NS,IND,SELL,3,1505.150024,INR
2024-01-30,SBILIFE.NS,IND,BUY,22,1410.5,INR
2024-01-30,SBILIFE.NS,IND,BUY,21,1410.5,INR
2024-01-30,SBILIFE.NS,IND,BUY,6,1410.5,INR
2024-01-30,SBILIFE.NS,IND,BUY,5,1410.5,INR
2024-01-30,SBILIFE.NS,IND,BUY,11,1410.400024,INR
2024-01-30,MFSL.NS,IND,BUY,58,887.200012,INR
2024-01-30,MFSL.NS,IND,BUY,84,887.200012,INR
2024-01-30,MFSL.NS,IND,BUY,4,887.200012,INR
2024-01-30,STARHEALTH.NS,IND,BUY,16,565.950012,INR
2024-01-30,STARHEALTH.NS,IND,BUY,4,565.950012,INR
2024-01-30,STARHEALTH.NS,IND,BUY,30,565.950012,INR
2024-01-30,STARHEALTH.NS,IND,BUY,4,565.950012,INR
2024-01-30,STARHEALTH.NS,IND,BUY,100,565.950012,INR
2024-01-30,STARHEALTH.NS,IND,BUY,29,565.950012,INR
2024-01-30,STARHEALTH.NS,IND,BUY,22,565.900024,INR
2024-01-30,STARHEALTH.NS,IND,BUY,4,565.900024,INR
2024-01-30,STARHEALTH.NS,IND,BUY,4,565.900024,INR
2024-01-30,STARHEALTH.NS,IND,BUY,9,565.799988,INR
2024-01-30,STARHEALTH.NS,IND,BUY,18,565.599976,INR
2024-01-30,ICICIGI.NS,IND,BUY,10,1518.150024,INR
2024-01-30,ICICIGI.NS,IND,BUY,5,1518.150024,INR
2024-01-30,HDFCLIFE.NS,IND,BUY,113,578.950012,INR
2024-01-30,HDFCLIFE.NS,IND,BUY,2,578.950012,INR
2024-01-30,ICICIGI.NS,IND,BUY,1,1517.949951,INR
2024-01-30,ICICIGI.NS,IND,BUY,22,1517.949951,INR
2024-01-30,ICICIGI.NS,IND,BUY,10,1518.0,INR
2024-01-30,ICICIPRULI.NS,IND,BUY,18,496.600006,INR
2024-01-30,SBILIFE.NS,IND,BUY,3,1410.699951,INR
2024-01-30,ICICIPRULI.NS,IND,BUY,1,496.600006,INR
2024-01-30,ICICIPRULI.NS,IND,BUY,18,496.600006,INR
2024-01-30,ICICIPRULI.NS,IND,BUY,1,496.600006,INR
2024-01-30,ICICIPRULI.NS,IND,BUY,141,496.600006,INR
2024-01-30,ICICIPRULI.NS,IND,BUY,95,496.649994,INR
2024-01-30,ICICIGI.NS,IND,BUY,4,1518.0,INR
2024-01-30,ICICIGI.NS,IND,BUY,15,1518.050049,INR
2024-01-30,SBILIFE.NS,IND,BUY,61,1410.550049,INR
2024-01-30,ICICIGI.NS,IND,BUY,14,1518.099976,INR
2024-01-30,ICICIGI.NS,IND,BUY,9,1518.099976,INR
2024-01-30,ICICIGI.NS,IND,BUY,14,1518.150024,INR
2024-01-30,ICICIGI.NS,IND,BUY,14,1518.150024,INR
2024-01-30,HDFCLIFE.NS,IND,BUY,1,578.950012,INR
2024-01-30,HDFCLIFE.NS,IND,BUY,3,578.950012,INR
2024-01-30,HDFCLIFE.NS,IND,BUY,32,578.950012,INR
2024-01-30,BAJFINANCE.NS,IND,BUY,3,6879.350098,INR
2024-01-30,BAJFINANCE.NS,IND,BUY,27,6878.850098,INR
2024-01-31,KOTAKBANK.NS,IND,BUY,1,1808.800049,INR
2024-01-31,KOTAKBANK.NS,IND,BUY,13,1808.800049,INR
2024-01-31,KOTAKBANK.NS,IND,BUY,12,1808.800049,INR
2024-01-31,KOTAKBANK.NS,IND,BUY,89,1808.849976,INR
2024-01-31,KOTAKBANK.NS,IND,BUY,35,1808.800049,INR
2024-01-31,ICICIGI.NS,IND,SELL,21,1499.75,INR
2024-01-31,ICICIPRULI.NS,IND,SELL,32,495.600006,INR
2024-01-31,ICICIPRULI.NS,IND,SELL,35,495.600006,INR
2024-01-31,ICICIPRULI.NS,IND,SELL,27,495.600006,INR
2024-01-31,ICICIPRULI.NS,IND,SELL,32,495.600006,INR
2024-01-31,ICICIPRULI.NS,IND,SELL,9,495.600006,INR
2024-01-31,HDFCLIFE.NS,IND,SELL,63,574.0,INR
2024-01-31,HDFCLIFE.NS,IND,SELL,50,574.0,INR
2024-01-31,HDFCLIFE.NS,IND,SELL,39,574.0,INR
2024-01-31,ICICIGI.NS,IND,SELL,1,1500.099976,INR
2024-01-31,ICICIGI.NS,IND,SELL,13,1499.800049,INR
2024-01-31,ICICIGI.NS,IND,SELL,24,1499.800049,INR
2024-01-31,ICICIGI.NS,IND,SELL,14,1499.75,INR
2024-01-31,ICICIGI.NS,IND,SELL,14,1499.75,INR
2024-01-31,ICICIPRULI.NS,IND,SELL,27,495.600006,INR
2024-01-31,ICICIPRULI.NS,IND,SELL,35,495.600006,INR
2024-01-31,ICICIGI.NS,IND,SELL,10,1499.75,INR
2024-01-31,ICICIPRULI.NS,IND,SELL,20,495.600006,INR
2024-01-31,ICICIPRULI.NS,IND,SELL,27,495.600006,INR
2024-01-31,ICICIGI.NS,IND,SELL,8,1499.75,INR
2024-01-31,ICICIPRULI.NS,IND,SELL,32,495.600006,INR
2024-01-31,ICICIGI.NS,IND,SELL,14,1499.75,INR
2024-01-31,MFSL.NS,IND,SELL,147,856.700012,INR
2024-01-31,SBILIFE.NS,IND,SELL,9,1393.0,INR
2024-01-31,SBILIFE.NS,IND,SELL,90,1393.099976,INR
2024-01-31,SBILIFE.NS,IND,SELL,1,1393.099976,INR
2024-01-31,SBILIFE.NS,IND,SELL,8,1393.099976,INR
2024-01-31,STARHEALTH.NS,IND,SELL,28,570.599976,INR
2024-01-31,STARHEALTH.NS,IND,SELL,1,570.599976,INR
2024-01-31,STARHEALTH.NS,IND,SELL,5,570.599976,INR
2024-01-31,STARHEALTH.NS,IND,SELL,49,570.450012,INR
2024-01-31,STARHEALTH.NS,IND,SELL,7,570.400024,INR
2024-01-31,STARHEALTH.NS,IND,SELL,1,570.400024,INR
2024-01-31,STARHEALTH.NS,IND,SELL,37,570.349976,INR
2024-01-31,STARHEALTH.NS,IND,SELL,26,570.349976,INR
2024-01-31,STARHEALTH.NS,IND,SELL,35,570.299988,INR
2024-01-31,STARHEALTH.NS,IND,SELL,34,570.299988,INR
2024-01-31,STARHEALTH.NS,IND,SELL,19,570.299988,INR
2024-01-31,SBILIFE.NS,IND,SELL,1,1393.099976,INR
2024-01-31,SBILIFE.NS,IND,SELL,2,1393.099976,INR
2024-01-31,SBILIFE.NS,IND,SELL,17,1393.099976,INR
2024-01-31,SBILIFE.NS,IND,SELL,1,1393.099976,INR
2024-01-31,SBILIFE.NS,IND,SELL,1,1393.0,INR
2024-01-31,ZYDUSLIFE.NS,IND,BUY,18,758.299988,INR
2024-01-31,ARVIND.NS,IND,BUY,4,313.600006,INR
2024-01-31,DBCORP.NS,IND,BUY,34,325.700012,INR
2024-01-31,ARVIND.NS,IND,BUY,9,313.600006,INR
2024-01-31,DBCORP.NS,IND,BUY,82,325.600006,INR
2024-01-31,DBCORP.NS,IND,BUY,3,325.850006,INR
2024-01-31,DBCORP.NS,IND,BUY,35,325.75,INR
2024-01-31,GOKEX.NS,IND,BUY,40,924.75,INR
2024-01-31,ARVIND.NS,IND,BUY,36,313.600006,INR
2024-01-31,DBCORP.NS,IND,BUY,3,325.75,INR
2024-01-31,APARINDS.NS,IND,BUY,1,6062.149902,INR
2024-01-31,APARINDS.NS,IND,BUY,1,6062.149902,INR
2024-01-31,APARINDS.NS,IND,BUY,1,6062.100098,INR
2024-01-31,APARINDS.NS,IND,BUY,2,6062.049805,INR
2024-01-31,APARINDS.NS,IND,BUY,3,6060.950195,INR
2024-01-31,APARINDS.NS,IND,BUY,1,6060.75,INR
2024-01-31,APARINDS.NS,IND,BUY,1,6060.0,INR
2024-01-31,ZYDUSLIFE.NS,IND,BUY,51,758.299988,INR
2024-01-31,ZYDUSLIFE.NS,IND,BUY,6,758.299988,INR
2024-01-31,ARVIND.NS,IND,BUY,107,313.700012,INR
2024-01-31,MINDACORP.NS,IND,BUY,1,409.950012,INR
2024-01-31,PNBHOUSING.NS,IND,BUY,4,783.25,INR
2024-01-31,MINDACORP.NS,IND,BUY,1,409.950012,INR
2024-01-31,MINDACORP.NS,IND,BUY,5,409.950012,INR
2024-01-31,PNBHOUSING.NS,IND,BUY,16,783.25,INR
2024-01-31,NTPC.NS,IND,BUY,170,317.0,INR
2024-01-31,MINDACORP.NS,IND,BUY,34,410.0,INR
2024-01-31,MINDACORP.NS,IND,BUY,5,409.950012,INR
2024-01-31,M&M.NS,IND,BUY,11,1636.099976,INR
2024-01-31,MINDACORP.NS,IND,BUY,5,409.950012,INR
2024-01-31,M&M.NS,IND,BUY,11,1636.099976,INR
2024-01-31,M&M.NS,IND,BUY,11,1636.099976,INR
2024-01-31,M&M.NS,IND,BUY,2,1636.099976,INR
2024-01-31,M&M.NS,IND,BUY,4,1636.099976,INR
2024-01-31,PRESTIGE.NS,IND,BUY,3,1228.349976,INR
2024-01-31,PRESTIGE.NS,IND,BUY,6,1227.949951,INR
2024-01-31,GOKEX.NS,IND,BUY,4,924.75,INR
2024-01-31,MINDACORP.NS,IND,BUY,42,409.950012,INR
2024-01-31,PRESTIGE.NS,IND,BUY,24,1228.800049,INR
2024-01-31,GOKEX.NS,IND,BUY,1,924.75,INR
2024-01-31,PRESTIGE.NS,IND,BUY,6,1228.800049,INR
2024-01-31,GOKEX.NS,IND,BUY,4,924.75,INR
2024-01-31,MINDACORP.NS,IND,BUY,29,410.0,INR
2024-01-31,GOKEX.NS,IND,BUY,1,924.75,INR
2024-01-31,PRESTIGE.NS,IND,BUY,3,1228.5,INR
2024-01-31,PRESTIGE.NS,IND,BUY,1,1227.949951,INR
2024-01-31,PRESTIGE.NS,IND,BUY,2,1227.949951,INR
2024-01-31,MARKSANS.NS,IND,BUY,269,146.600006,INR
2024-01-31,MARKSANS.NS,IND,BUY,68,146.600006,INR
2024-01-31,MARKSANS.NS,IND,BUY,75,146.600006,INR
2024-01-31,MARKSANS.NS,IND,BUY,32,146.600006,INR
2024-01-31,KARURVYSYA.NS,IND,BUY,56,196.800003,INR
2024-01-31,KARURVYSYA.NS,IND,BUY,6,196.850006,INR
2024-01-31,KARURVYSYA.NS,IND,BUY,64,196.850006,INR
2024-01-31,MINDACORP.NS,IND,BUY,1,409.950012,INR
2024-01-31,MINDACORP.NS,IND,BUY,5,409.950012,INR
2024-01-31,MINDACORP.NS,IND,BUY,5,409.950012,INR
2024-01-31,GOKEX.NS,IND,BUY,12,924.75,INR
2024-01-31,PNBHOUSING.NS,IND,BUY,1,783.25,INR
2024-01-31,PRESTIGE.NS,IND,BUY,1,1227.949951,INR
2024-01-31,MINDACORP.NS,IND,BUY,1,409.950012,INR
2024-01-31,MINDACORP.NS,IND,BUY,1,409.950012,INR
2024-01-31,PRESTIGE.NS,IND,BUY,2,1227.949951,INR
2024-01-31,PNBHOUSING.NS,IND,BUY,59,783.349976,INR
2024-01-31,PRESTIGE.NS,IND,BUY,1,1227.949951,INR
2024-01-31,MINDACORP.NS,IND,BUY,3,409.899994,INR
2024-01-31,MINDACORP.NS,IND,BUY,5,409.899994,INR
2024-01-31,NCC.NS,IND,BUY,124,215.449997,INR
2024-01-31,NCC.NS,IND,BUY,100,215.399994,INR
2024-01-31,ZENSARTECH.NS,IND,BUY,112,566.75,INR
2024-01-31,PCBL.NS,IND,BUY,29,319.899994,INR
2024-01-31,PCBL.NS,IND,BUY,109,319.850006,INR
2024-01-31,KARURVYSYA.NS,IND,BUY,3,196.850006,INR
2024-01-31,KARURVYSYA.NS,IND,BUY,92,196.850006,INR
2024-01-31,PCBL.NS,IND,BUY,15,319.850006,INR
2024-01-31,KARURVYSYA.NS,IND,BUY,25,196.850006,INR
2024-01-31,SKIPPER-RE.NS,IND,SELL,4,45.0,INR
2024-01-31,SKIPPER-RE.NS,IND,SELL,10,45.5,INR
2024-02-02,VOLTAS.NS,IND,BUY,100,1060.0,INR
2024-02-06,BAJFINANCE.NS,IND,SELL,25,6577.149902,INR
2024-02-06,BAJFINANCE.NS,IND,SELL,5,6577.200195,INR
2024-02-06,HDFCBANK.NS,IND,SELL,5,1438.800049,INR
2024-02-06,HDFCBANK.NS,IND,SELL,164,1438.75,INR
2024-02-06,HDFCBANK.NS,IND,SELL,17,1438.75,INR
2024-02-06,HDFCBANK.NS,IND,SELL,12,1438.75,INR
2024-02-06,HDFCBANK.NS,IND,SELL,1,1438.75,INR
2024-02-06,HDFCBANK.NS,IND,SELL,1,1438.849976,INR
2024-02-06,KOTAKBANK.NS,IND,SELL,4,1800.0,INR
2024-02-06,KOTAKBANK.NS,IND,SELL,14,1800.300049,INR
2024-02-06,KOTAKBANK.NS,IND,SELL,91,1800.0,INR
2024-02-06,KOTAKBANK.NS,IND,SELL,40,1799.949951,INR
2024-02-06,KOTAKBANK.NS,IND,SELL,1,1800.0,INR
2024-02-06,SBICARD.NS,IND,SELL,24,705.299988,INR
2024-02-06,SBICARD.NS,IND,SELL,33,705.25,INR
2024-02-06,SBICARD.NS,IND,SELL,2,705.150024,INR
2024-02-06,SBICARD.NS,IND,SELL,69,705.200012,INR
2024-02-06,SBICARD.NS,IND,SELL,8,705.049988,INR
2024-02-06,SBICARD.NS,IND,SELL,21,705.049988,INR
2024-02-06,SBICARD.NS,IND,SELL,6,705.049988,INR
2024-02-06,SBICARD.NS,IND,SELL,12,705.049988,INR
2024-02-06,SBICARD.NS,IND,SELL,12,705.049988,INR
2024-02-06,SBICARD.NS,IND,SELL,8,705.049988,INR
2024-02-06,SBICARD.NS,IND,SELL,77,705.150024,INR
2024-02-06,SBICARD.NS,IND,SELL,12,705.150024,INR
2024-02-06,SBICARD.NS,IND,SELL,8,705.150024,INR
2024-02-06,SBICARD.NS,IND,SELL,132,705.099976,INR
2024-02-06,SBICARD.NS,IND,SELL,21,705.049988,INR
2024-02-06,SBICARD.NS,IND,SELL,42,705.200012,INR
2024-02-06,SBICARD.NS,IND,SELL,78,705.200012,INR
2024-02-06,SBICARD.NS,IND,SELL,8,705.049988,INR
2024-02-06,SBICARD.NS,IND,SELL,2,705.200012,INR
2024-02-06,SBICARD.NS,IND,SELL,15,705.099976,INR
2024-02-06,SBICARD.NS,IND,SELL,12,705.200012,INR
2024-02-06,SBICARD.NS,IND,SELL,56,705.099976,INR
2024-02-06,SBICARD.NS,IND,SELL,42,705.049988,INR
2024-02-06,SBICARD.NS,IND,SELL,21,705.049988,INR
2024-02-06,SBICARD.NS,IND,SELL,100,705.150024,INR
2024-02-06,SBICARD.NS,IND,SELL,12,705.049988,INR
2024-02-06,SBICARD.NS,IND,SELL,13,705.400024,INR
2024-02-06,VOLTAS.NS,IND,SELL,71,1027.199951,INR
2024-02-06,VOLTAS.NS,IND,SELL,1,1027.5,INR
2024-02-06,VOLTAS.NS,IND,SELL,1,1027.25,INR
2024-02-06,VOLTAS.NS,IND,SELL,27,1027.25,INR
2024-02-06,TATACHEM.NS,IND,BUY,2,971.450012,INR
2024-02-06,TITAN.NS,IND,BUY,7,3548.649902,INR
2024-02-06,TATACHEM.NS,IND,BUY,18,971.450012,INR
2024-02-06,TCS.NS,IND,BUY,4,4108.0,INR
2024-02-06,VOLTAS.NS,IND,BUY,5,1027.25,INR
2024-02-06,TATACONSUM.NS,IND,BUY,7,1155.449951,INR
2024-02-06,TITAN.NS,IND,BUY,1,3549.0,INR
2024-02-06,TATASTEEL.NS,IND,BUY,105,141.449997,INR
2024-02-06,INDHOTEL.NS,IND,BUY,12,509.799988,INR
2024-02-07,JIOFIN.NS,IND,BUY,1000,273.100006,INR
2024-02-07,MINDACORP.NS,IND,BUY,16,418.5,INR
2024-02-07,MARKSANS.NS,IND,BUY,2,156.350006,INR
2024-02-07,MINDACORP.NS,IND,BUY,6,418.5,INR
2024-02-07,PRESTIGE.NS,IND,BUY,16,1236.849976,INR
2024-02-07,MARKSANS.NS,IND,BUY,20,156.350006,INR
2024-02-07,MINDACORP.NS,IND,BUY,20,418.5,INR
2024-02-07,APARINDS.NS,IND,BUY,1,6408.75,INR
2024-02-07,GOKEX.NS,IND,BUY,18,943.049988,INR
2024-02-07,PNBHOUSING.NS,IND,BUY,6,815.400024,INR
2024-02-07,MINDACORP.NS,IND,BUY,2,418.5,INR
2024-02-07,ZYDUSLIFE.NS,IND,BUY,19,799.299988,INR
2024-02-07,NTPC.NS,IND,BUY,43,335.75,INR
2024-02-07,M&M.NS,IND,BUY,7,1745.0,INR
2024-02-07,KARURVYSYA.NS,IND,BUY,142,186.5,INR
2024-02-07,GOKEX.NS,IND,BUY,2,943.049988,INR
2024-02-07,ARVIND.NS,IND,BUY,64,315.0,INR
2024-02-07,DBCORP.NS,IND,BUY,63,301.0,INR
2024-02-07,NCC.NS,IND,BUY,73,222.350006,INR
2024-02-07,ZENSARTECH.NS,IND,BUY,26,597.75,INR
2024-02-07,PCBL.NS,IND,BUY,57,327.700012,INR
2024-02-07,DBCORP.NS,IND,BUY,32,301.0,INR
2024-02-07,MARKSANS.NS,IND,BUY,65,156.350006,INR
2024-02-07,APARINDS.NS,IND,BUY,2,6408.700195,INR
2024-02-07,NCC.NS,IND,BUY,7,222.350006,INR
2024-02-07,PNBHOUSING.NS,IND,BUY,14,814.900024,INR
2024-02-19,TATASTEEL.NS,IND,SELL,3,141.449997,INR
2024-02-19,INDHOTEL.NS,IND,SELL,64,540.450012,INR
2024-02-19,TATASTEEL.NS,IND,SELL,29,141.449997,INR
2024-02-19,TATASTEEL.NS,IND,SELL,1,141.449997,INR
2024-02-19,TATAPOWER.NS,IND,SELL,10,381.899994,INR
2024-02-19,TATASTEEL.NS,IND,SELL,173,141.449997,INR
2024-02-19,TATAPOWER.NS,IND,SELL,25,381.899994,INR
2024-02-19,TATAPOWER.NS,IND,SELL,104,381.850006,INR
2024-02-19,TATAPOWER.NS,IND,SELL,1,381.899994,INR
2024-02-19,TATAPOWER.NS,IND,SELL,116,381.850006,INR
2024-02-19,TATACHEM.NS,IND,SELL,57,975.549988,INR
2024-02-19,TATACHEM.NS,IND,SELL,1,975.5,INR
2024-02-19,TATACHEM.NS,IND,SELL,4,975.5,INR
2024-02-19,TATACHEM.NS,IND,SELL,8,975.400024,INR
2024-02-19,TATACHEM.NS,IND,SELL,9,975.400024,INR
2024-02-19,TCS.NS,IND,SELL,9,4061.25,INR
2024-02-19,TCS.NS,IND,SELL,1,4062.0,INR
2024-02-19,TATACONSUM.NS,IND,SELL,105,1147.0,INR
2024-02-19,TCS.NS,IND,SELL,5,4060.649902,INR
2024-02-19,TITAN.NS,IND,SELL,10,3665.649902,INR
2024-02-19,TCS.NS,IND,SELL,2,4061.199951,INR
2024-02-19,TATACHEM.NS,IND,SELL,3,975.599976,INR
2024-02-19,TCS.NS,IND,SELL,7,4061.0,INR
2024-02-19,TCS.NS,IND,SELL,7,4060.699951,INR
2024-02-19,TATACHEM.NS,IND,SELL,6,975.75,INR
2024-02-19,VOLTAS.NS,IND,SELL,102,1084.099976,INR
2024-02-19,TCS.NS,IND,SELL,5,4062.0,INR
2024-02-19,TITAN.NS,IND,SELL,33,3665.600098,INR
2024-02-19,TATAMOTORS.NS,IND,SELL,34,933.099976,INR
2024-02-19,TATAMOTORS.NS,IND,SELL,62,933.099976,INR
2024-02-19,INDHOTEL.NS,IND,SELL,120,540.349976,INR
2024-02-19,INDHOTEL.NS,IND,SELL,1,540.450012,INR
2024-02-19,TATASTEEL.NS,IND,SELL,487,141.449997,INR
2024-02-19,PCBL.NS,IND,SELL,5,319.0,INR
2024-02-19,MINDACORP.NS,IND,SELL,20,430.100006,INR
2024-02-19,MARKSANS.NS,IND,SELL,5,162.25,INR
2024-02-19,MARKSANS.NS,IND,SELL,295,162.25,INR
2024-02-19,ZENSARTECH.NS,IND,SELL,58,532.400024,INR
2024-02-19,ZENSARTECH.NS,IND,SELL,46,532.25,INR
2024-02-19,MARKSANS.NS,IND,SELL,1,162.199997,INR
2024-02-19,ZENSARTECH.NS,IND,SELL,4,532.150024,INR
2024-02-19,MARKSANS.NS,IND,SELL,19,162.199997,INR
2024-02-19,MARKSANS.NS,IND,SELL,8,162.199997,INR
2024-02-19,MARKSANS.NS,IND,SELL,21,162.199997,INR
2024-02-19,ZENSARTECH.NS,IND,SELL,4,532.150024,INR
2024-02-19,ZENSARTECH.NS,IND,SELL,20,532.150024,INR
2024-02-19,ZENSARTECH.NS,IND,SELL,4,532.150024,INR
2024-02-19,ZENSARTECH.NS,IND,SELL,2,532.400024,INR
2024-02-19,ZENSARTECH.NS,IND,SELL,1,532.400024,INR
2024-02-19,PCBL.NS,IND,SELL,109,319.0,INR
2024-02-19,PCBL.NS,IND,SELL,4,319.0,INR
2024-02-19,PCBL.NS,IND,SELL,5,319.0,INR
2024-02-19,ZENSARTECH.NS,IND,SELL,67,532.150024,INR
2024-02-19,PNBHOUSING.NS,IND,SELL,9,762.049988,INR
2024-02-19,PNBHOUSING.NS,IND,SELL,11,762.049988,INR
2024-02-19,PNBHOUSING.NS,IND,SELL,25,762.25,INR
2024-02-19,PNBHOUSING.NS,IND,SELL,100,762.099976,INR
2024-02-19,PNBHOUSING.NS,IND,SELL,7,762.25,INR
2024-02-19,PCBL.NS,IND,SELL,5,319.0,INR
2024-02-19,PCBL.NS,IND,SELL,5,319.0,INR
2024-02-19,MARKSANS.NS,IND,SELL,458,162.25,INR
2024-02-19,PCBL.NS,IND,SELL,5,319.0,INR
2024-02-19,PCBL.NS,IND,SELL,2,319.0,INR
2024-02-19,PCBL.NS,IND,SELL,4,319.0,INR
2024-02-19,PCBL.NS,IND,SELL,5,319.0,INR
2024-02-19,PCBL.NS,IND,SELL,5,319.0,INR
2024-02-19,PCBL.NS,IND,SELL,5,319.0,INR
2024-02-19,PCBL.NS,IND,SELL,2,319.0,INR
2024-02-19,PCBL.NS,IND,SELL,2,319.0,INR
2024-02-19,PCBL.NS,IND,SELL,2,319.0,INR
2024-02-19,PCBL.NS,IND,SELL,5,319.0,INR
2024-02-19,PCBL.NS,IND,SELL,2,319.0,INR
2024-02-19,PCBL.NS,IND,SELL,100,319.0,INR
2024-02-19,PCBL.NS,IND,SELL,5,319.0,INR
2024-02-19,PCBL.NS,IND,SELL,5,319.0,INR
2024-02-19,PCBL.NS,IND,SELL,5,319.0,INR
2024-02-19,PCBL.NS,IND,SELL,5,319.0,INR
2024-02-19,PCBL.NS,IND,SELL,2,319.0,INR
2024-02-19,PCBL.NS,IND,SELL,2,319.0,INR
2024-02-19,PCBL.NS,IND,SELL,1,319.0,INR
2024-02-19,PCBL.NS,IND,SELL,5,319.0,INR
2024-02-19,PCBL.NS,IND,SELL,2,319.0,INR
2024-02-19,PCBL.NS,IND,SELL,4,319.0,INR
2024-02-19,PCBL.NS,IND,SELL,2,319.0,INR
2024-02-19,PCBL.NS,IND,SELL,2,319.0,INR
2024-02-19,PCBL.NS,IND,SELL,2,319.0,INR
2024-02-19,PCBL.NS,IND,SELL,2,319.0,INR
2024-02-19,PCBL.NS,IND,SELL,5,319.0,INR
2024-02-19,PCBL.NS,IND,SELL,2,319.0,INR
2024-02-19,PCBL.NS,IND,SELL,5,319.0,INR
2024-02-19,PCBL.NS,IND,SELL,5,319.0,INR
2024-02-19,PCBL.NS,IND,SELL,2,319.0,INR
2024-02-19,PCBL.NS,IND,SELL,4,319.0,INR
2024-02-19,PCBL.NS,IND,SELL,5,319.0,INR
2024-02-19,PCBL.NS,IND,SELL,1,319.100006,INR
2024-02-19,PCBL.NS,IND,SELL,2,319.0,INR
2024-02-19,PCBL.NS,IND,SELL,2,319.0,INR
2024-02-19,PCBL.NS,IND,SELL,5,319.0,INR
2024-02-19,NTPC.NS,IND,SELL,10,338.0,INR
2024-02-19,NTPC.NS,IND,SELL,100,338.0,INR
2024-02-19,PCBL.NS,IND,SELL,2,319.0,INR
2024-02-19,NTPC.NS,IND,SELL,11,338.0,INR
2024-02-19,PCBL.NS,IND,SELL,5,319.0,INR
2024-02-19,NTPC.NS,IND,SELL,5,338.0,INR
2024-02-19,NTPC.NS,IND,SELL,10,338.0,INR
2024-02-19,NTPC.NS,IND,SELL,27,338.0,INR
2024-02-19,PCBL.NS,IND,SELL,5,319.0,INR
2024-02-19,PCBL.NS,IND,SELL,2,319.0,INR
2024-02-19,PCBL.NS,IND,SELL,2,319.0,INR
2024-02-19,PCBL.NS,IND,SELL,2,319.0,INR
2024-02-19,PCBL.NS,IND,SELL,2,319.0,INR
2024-02-19,PCBL.NS,IND,SELL,5,319.0,INR
2024-02-19,PCBL.NS,IND,SELL,2,319.0,INR
2024-02-19,PCBL.NS,IND,SELL,2,319.0,INR
2024-02-19,PCBL.NS,IND,SELL,2,319.0,INR
2024-02-19,PCBL.NS,IND,SELL,2,319.0,INR
2024-02-19,ZENSARTECH.NS,IND,SELL,2,532.150024,INR
2024-02-19,PNBHOUSING.NS,IND,SELL,3,762.049988,INR
2024-02-19,ZYDUSLIFE.NS,IND,SELL,40,893.799988,INR
2024-02-19,GOKEX.NS,IND,SELL,15,872.200012,INR
2024-02-19,GOKEX.NS,IND,SELL,10,872.200012,INR
2024-02-19,ZYDUSLIFE.NS,IND,SELL,8,894.0,INR
2024-02-19,GOKEX.NS,IND,SELL,19,872.299988,INR
2024-02-19,GOKEX.NS,IND,SELL,80,872.299988,INR
2024-02-19,GOKEX.NS,IND,SELL,10,872.349976,INR
2024-02-19,ZYDUSLIFE.NS,IND,SELL,1,894.0,INR
2024-02-19,APARINDS.NS,IND,SELL,20,6369.950195,INR
2024-02-19,ZYDUSLIFE.NS,IND,SELL,71,894.0,INR
2024-02-19,ZYDUSLIFE.NS,IND,SELL,12,894.0,INR
2024-02-19,ZYDUSLIFE.NS,IND,SELL,26,893.799988,INR
2024-02-19,DBCORP.NS,IND,SELL,179,315.0,INR
2024-02-19,DBCORP.NS,IND,SELL,3,315.0,INR
2024-02-19,DBCORP.NS,IND,SELL,20,315.0,INR
2024-02-19,ARVIND.NS,IND,SELL,16,306.899994,INR
2024-02-19,ARVIND.NS,IND,SELL,4,306.799988,INR
2024-02-19,ARVIND.NS,IND,SELL,43,306.899994,INR
2024-02-19,ARVIND.NS,IND,SELL,22,306.899994,INR
2024-02-19,ARVIND.NS,IND,SELL,43,306.850006,INR
2024-02-19,ARVIND.NS,IND,SELL,88,306.799988,INR
2024-02-19,ARVIND.NS,IND,SELL,90,306.799988,INR
2024-02-19,ARVIND.NS,IND,SELL,4,306.799988,INR
2024-02-19,ARVIND.NS,IND,SELL,90,306.799988,INR
2024-02-19,MINDACORP.NS,IND,SELL,10,430.149994,INR
2024-02-19,KARURVYSYA.NS,IND,SELL,42,187.300003,INR
2024-02-19,MINDACORP.NS,IND,SELL,6,430.100006,INR
2024-02-19,MINDACORP.NS,IND,SELL,12,430.100006,INR
2024-02-19,KARURVYSYA.NS,IND,SELL,51,187.300003,INR
2024-02-19,NTPC.NS,IND,SELL,1,338.0,INR
2024-02-19,KARURVYSYA.NS,IND,SELL,47,187.300003,INR
2024-02-19,KARURVYSYA.NS,IND,SELL,80,187.300003,INR
2024-02-19,KARURVYSYA.NS,IND,SELL,20,187.300003,INR
2024-02-19,PRESTIGE.NS,IND,SELL,5,1164.099976,INR
2024-02-19,KARURVYSYA.NS,IND,SELL,13,187.25,INR
2024-02-19,MINDACORP.NS,IND,SELL,10,430.149994,INR
2024-02-19,MINDACORP.NS,IND,SELL,11,430.100006,INR
2024-02-19,MINDACORP.NS,IND,SELL,12,430.100006,INR
2024-02-19,MINDACORP.NS,IND,SELL,46,430.049988,INR
2024-02-19,MINDACORP.NS,IND,SELL,12,430.100006,INR
2024-02-19,MINDACORP.NS,IND,SELL,4,430.100006,INR
2024-02-19,M&M.NS,IND,SELL,2,1837.0,INR
2024-02-19,MINDACORP.NS,IND,SELL,3,430.100006,INR
2024-02-19,MINDACORP.NS,IND,SELL,5,430.100006,INR
2024-02-19,MINDACORP.NS,IND,SELL,14,430.049988,INR
2024-02-19,MINDACORP.NS,IND,SELL,12,430.100006,INR
2024-02-19,MINDACORP.NS,IND,SELL,6,430.100006,INR
2024-02-19,MINDACORP.NS,IND,SELL,12,430.100006,INR
2024-02-19,MINDACORP.NS,IND,SELL,62,430.149994,INR
2024-02-19,NCC.NS,IND,SELL,468,223.100006,INR
2024-02-19,KARURVYSYA.NS,IND,SELL,57,187.300003,INR
2024-02-19,KARURVYSYA.NS,IND,SELL,10,187.300003,INR
2024-02-19,MINDACORP.NS,IND,SELL,3,430.100006,INR
2024-02-19,KARURVYSYA.NS,IND,SELL,50,187.300003,INR
2024-02-19,PRESTIGE.NS,IND,SELL,63,1164.0,INR
2024-02-19,KARURVYSYA.NS,IND,SELL,1,187.300003,INR
2024-02-19,M&M.NS,IND,SELL,15,1837.0,INR
2024-02-19,M&M.NS,IND,SELL,55,1837.0,INR
2024-02-19,DBCORP.NS,IND,SELL,218,315.0,INR
2024-02-19,PRESTIGE.NS,IND,SELL,13,1164.050049,INR
2024-02-19,PRESTIGE.NS,IND,SELL,20,1164.050049,INR
2024-02-19,PRESTIGE.NS,IND,SELL,1,1164.050049,INR
2024-02-19,NTPC.NS,IND,SELL,20,338.0,INR
2024-02-19,KARURVYSYA.NS,IND,SELL,13,187.300003,INR
2024-02-19,MINDACORP.NS,IND,SELL,3,430.100006,INR
2024-02-19,NTPC.NS,IND,SELL,100,338.0,INR
2024-02-19,NCC.NS,IND,SELL,102,223.149994,INR
2024-02-19,MINDACORP.NS,IND,SELL,6,430.100006,INR
2024-02-19,NTPC.NS,IND,SELL,92,338.0,INR
2024-02-19,MINDACORP.NS,IND,SELL,3,430.100006,INR
2024-02-19,KARURVYSYA.NS,IND,SELL,3,187.300003,INR
2024-02-19,KARURVYSYA.NS,IND,SELL,26,187.300003,INR
2024-02-19,KARURVYSYA.NS,IND,SELL,153,187.25,INR
2024-02-19,MINDACORP.NS,IND,SELL,3,430.100006,INR
2024-02-19,KARURVYSYA.NS,IND,SELL,51,187.25,INR
2024-02-19,KARURVYSYA.NS,IND,SELL,61,187.25,INR
2024-02-19,MINDACORP.NS,IND,SELL,14,430.100006,INR
2024-02-19,MINDACORP.NS,IND,SELL,13,430.049988,INR
2024-02-19,ZENSARTECH.NS,IND,SELL,4,532.150024,INR
2024-02-19,JIOFIN.NS,IND,SELL,1831,274.549988,INR
2024-02-19,JIOFIN.NS,IND,SELL,325,274.649994,INR
2024-02-19,JIOFIN.NS,IND,SELL,1115,274.600006,INR
2024-03-21,GODREJPROP.NS,IND,SELL,70,2160.050049,INR
2024-03-21,PRESTIGE.NS,IND,SELL,196,1047.050049,INR
2024-03-21,BRIGADE.NS,IND,SELL,11,880.150024,INR
2024-03-21,DLF.NS,IND,SELL,20,838.400024,INR
2024-03-21,DLF.NS,IND,SELL,8,838.400024,INR
2024-03-21,DLF.NS,IND,SELL,121,837.650024,INR
2024-03-21,DLF.NS,IND,SELL,2,838.799988,INR
2024-03-21,DLF.NS,IND,SELL,4,838.599976,INR
2024-03-21,GODREJPROP.NS,IND,SELL,25,2160.0,INR
2024-03-21,EMBASSY.NS,IND,SELL,67,371.01001,INR
2024-03-21,BRIGADE.NS,IND,SELL,114,875.349976,INR
2024-03-21,EMBASSY.NS,IND,SELL,20,371.5,INR
2024-03-21,EMBASSY.NS,IND,SELL,3,370.230011,INR
2024-03-21,EMBASSY.NS,IND,SELL,18,371.0,INR
2024-03-21,EMBASSY.NS,IND,SELL,10,370.0,INR
2024-03-21,DLF.NS,IND,SELL,4,838.700012,INR
2024-03-21,DLF.NS,IND,SELL,6,838.5,INR
2024-03-21,EMBASSY.NS,IND,SELL,11,370.5,INR
2024-03-21,EMBASSY.NS,IND,SELL,3,370.450012,INR
2024-03-21,BRIGADE.NS,IND,SELL,73,875.200012,INR
2024-03-21,BRIGADE.NS,IND,SELL,48,880.099976,INR
2024-03-21,BRIGADE.NS,IND,SELL,12,875.349976,INR
2024-03-21,BRIGADE.NS,IND,SELL,44,880.0,INR
2024-03-21,DLF.NS,IND,SELL,148,837.0,INR
2024-03-21,DLF.NS,IND,SELL,10,837.0,INR
2024-03-21,EMBASSY.NS,IND,SELL,25,370.200012,INR
2024-03-21,OBEROIRLTY.NS,IND,SELL,50,1390.099976,INR
2024-03-21,OBEROIRLTY.NS,IND,SELL,7,1390.150024,INR
2024-03-21,OBEROIRLTY.NS,IND,SELL,4,1391.5,INR
2024-03-21,OBEROIRLTY.NS,IND,SELL,137,1390.0,INR
2024-03-21,EMBASSY.NS,IND,SELL,10,370.0,INR
2024-03-21,NXST.NS,IND,SELL,10,126.0,INR
2024-03-21,MINDSPACE.NS,IND,SELL,51,342.609985,INR
2024-03-21,NXST.NS,IND,SELL,1103,125.699997,INR
2024-03-21,MINDSPACE.NS,IND,SELL,386,342.600006,INR
2024-03-21,PRESTIGE.NS,IND,SELL,9,1047.099976,INR
2024-03-21,PHOENIXLTD.NS,IND,SELL,139,2585.050049,INR
2024-03-21,EMBASSY.NS,IND,SELL,1,369.0,INR
2024-03-21,EMBASSY.NS,IND,SELL,230,369.0,INR
2024-03-21,EMBASSY.NS,IND,SELL,2,370.230011,INR
2024-05-27,EMBASSY.NS,IND,BUY,4,343.799988,INR
2024-05-27,MINDSPACE.NS,IND,BUY,3,350.0,INR
2024-05-27,PHOENIXLTD.NS,IND,BUY,1,3248.949951,INR
2024-05-27,NXST.NS,IND,BUY,10,125.339996,INR
2024-05-27,OBEROIRLTY.NS,IND,BUY,2,1800.699951,INR
2024-05-27,DLF.NS,IND,BUY,4,843.099976,INR
2024-05-27,BRIGADE.NS,IND,BUY,3,1271.0,INR
2024-05-27,PRESTIGE.NS,IND,BUY,2,1639.449951,INR
2024-05-27,GODREJPROP.NS,IND,BUY,1,2752.600098,INR
2024-05-30,HDFCLIFE.NS,IND,BUY,2,553.75,INR
2024-05-30,ICICIGI.NS,IND,BUY,1,1594.800049,INR
2024-05-30,ICICIPRULI.NS,IND,BUY,2,556.200012,INR
2024-05-30,MFSL.NS,IND,BUY,1,972.950012,INR
2024-05-30,STARHEALTH.NS,IND,BUY,3,513.950012,INR
2024-05-30,SBILIFE.NS,IND,BUY,1,1418.699951,INR
2024-05-30,ICICIPRULI.NS,IND,BUY,3,558.049988,INR
2024-05-30,ICICIPRULI.NS,IND,BUY,2,558.049988,INR
2024-05-30,HDFCLIFE.NS,IND,BUY,13,562.5,INR
2024-05-30,ICICIGI.NS,IND,BUY,7,1597.800049,INR
2024-05-30,ICICIPRULI.NS,IND,BUY,4,558.049988,INR
2024-05-30,ICICIPRULI.NS,IND,BUY,1,558.049988,INR
2024-05-30,ICICIPRULI.NS,IND,BUY,1,558.049988,INR
2024-05-30,ICICIPRULI.NS,IND,BUY,1,558.049988,INR
2024-05-30,ICICIPRULI.NS,IND,BUY,2,558.049988,INR
2024-05-30,HDFCLIFE.NS,IND,BUY,4,562.450012,INR
2024-05-30,HDFCLIFE.NS,IND,BUY,8,562.450012,INR
2024-05-30,ICICIPRULI.NS,IND,BUY,9,558.0,INR
2024-05-30,ICICIGI.NS,IND,BUY,3,1597.800049,INR
2024-05-30,STARHEALTH.NS,IND,BUY,10,514.25,INR
2024-05-30,STARHEALTH.NS,IND,BUY,14,514.25,INR
2024-05-30,STARHEALTH.NS,IND,BUY,12,514.25,INR
2024-05-30,MFSL.NS,IND,BUY,14,956.849976,INR
2024-05-30,SBILIFE.NS,IND,BUY,3,1404.300049,INR
2024-05-30,SBILIFE.NS,IND,BUY,8,1404.199951,INR
2024-05-30,SBILIFE.NS,IND,BUY,1,1404.199951,INR
2024-05-30,SBCL.NS,IND,BUY,2,490.75,INR
2024-05-30,GANECOS.NS,IND,BUY,2,1157.449951,INR
2024-05-30,GANECOS.NS,IND,BUY,3,1157.25,INR
2024-05-30,GANECOS.NS,IND,BUY,3,1157.349976,INR
2024-05-30,BBL.NS,IND,BUY,1,4273.450195,INR
2024-05-30,FIEMIND.NS,IND,BUY,1,1202.75,INR
2024-05-30,FIEMIND.NS,IND,BUY,1,1202.699951,INR
2024-05-30,FIEMIND.NS,IND,BUY,1,1202.699951,INR
2024-05-30,FIEMIND.NS,IND,BUY,1,1202.800049,INR
2024-05-30,FIEMIND.NS,IND,BUY,1,1202.650024,INR
2024-05-30,IONEXCHANG.NS,IND,BUY,17,489.350006,INR
2024-05-30,HPL.NS,IND,BUY,11,392.5,INR
2024-05-30,IONEXCHANG.NS,IND,BUY,3,489.350006,INR
2024-05-30,BBL.NS,IND,BUY,1,4270.200195,INR
2024-05-30,IONEXCHANG.NS,IND,BUY,1,489.350006,INR
2024-05-30,BORORENEW.NS,IND,BUY,4,481.049988,INR
2024-05-30,GANECOS.NS,IND,BUY,1,1157.25,INR
2024-05-30,FIEMIND.NS,IND,BUY,1,1202.599976,INR
2024-05-30,BORORENEW.NS,IND,BUY,12,481.049988,INR
2024-05-30,FIEMIND.NS,IND,BUY,1,1202.800049,INR
2024-05-30,BORORENEW.NS,IND,BUY,1,481.100006,INR
2024-05-30,TECHNOE.NS,IND,BUY,2,1116.849976,INR
2024-05-30,TECHNOE.NS,IND,BUY,5,1116.75,INR
2024-05-30,TECHNOE.NS,IND,BUY,1,1116.5,INR
2024-05-30,TDPOWERSYS.NS,IND,BUY,1,336.450012,INR
2024-05-30,TDPOWERSYS.NS,IND,BUY,1,336.450012,INR
2024-05-30,TDPOWERSYS.NS,IND,BUY,23,336.450012,INR
2024-05-30,SBCL.NS,IND,BUY,1,490.5,INR
2024-05-30,SBCL.NS,IND,BUY,11,490.549988,INR
2024-05-30,SBCL.NS,IND,BUY,1,490.600006,INR
2024-05-30,SBCL.NS,IND,BUY,1,490.75,INR
2024-05-30,SBCL.NS,IND,BUY,1,490.75,INR
2024-05-30,SBCL.NS,IND,BUY,1,490.75,INR
2024-05-30,GANECOS.NS,IND,BUY,1,1157.199951,INR
2024-05-30,SBCL.NS,IND,BUY,5,490.75,INR
2024-05-30,SBCL.NS,IND,BUY,1,490.75,INR
2024-05-30,SBCL.NS,IND,BUY,1,490.75,INR
2024-05-30,SBCL.NS,IND,BUY,1,490.75,INR
2024-05-30,SBCL.NS,IND,BUY,5,490.75,INR
2024-05-30,SBCL.NS,IND,BUY,1,490.75,INR
2024-05-30,SBCL.NS,IND,BUY,1,490.75,INR
2024-05-30,SBCL.NS,IND,BUY,1,490.75,INR
2024-05-30,SHAKTIPUMP.NS,IND,BUY,4,2499.949951,INR
2024-05-30,SKIPPER.NS,IND,BUY,30,286.5,INR
2024-05-30,SKIPPER.NS,IND,BUY,7,286.5,INR
2024-05-30,TRITURBINE.NS,IND,BUY,11,574.349976,INR
2024-05-30,SANGHVIMOV.NS,IND,BUY,10,1106.25,INR
2024-05-30,SANGHVIMOV.NS,IND,BUY,1,1106.199951,INR
2024-05-30,SANGHVIMOV.NS,IND,BUY,3,1106.150024,INR
2024-05-30,SWSOLAR.NS,IND,BUY,9,728.450012,INR
2024-05-30,PITTIENG.NS,IND,BUY,12,895.0,INR
2024-05-30,PRAJIND.NS,IND,BUY,1,510.5,INR
2024-05-30,PENIND.NS,IND,BUY,3,141.850006,INR
2024-05-30,GENUSPOWER.NS,IND,BUY,20,313.0,INR
2024-05-30,PENIND.NS,IND,BUY,41,141.949997,INR
2024-05-30,KSB.NS,IND,BUY,2,4494.100098,INR
2024-05-30,GANECOS.NS,IND,BUY,1,1157.5,INR
2024-05-30,INOXWIND.NS,IND,BUY,14,145.050003,INR
2024-05-30,LIQUIDBEES.NS,IND,BUY,16,1000.01001,INR
2024-05-30,KPITTECH.NS,IND,BUY,5,1460.800049,INR
2024-05-30,PRAJIND.NS,IND,BUY,15,510.350006,INR
2024-05-30,INOXWIND.NS,IND,BUY,29,145.050003,INR
2024-05-30,KPITTECH.NS,IND,BUY,1,1460.599976,INR
2024-05-30,FIEMIND.NS,IND,BUY,2,1202.550049,INR
2024-05-30,BRIGADE.NS,IND,BUY,18,1220.949951,INR
2024-05-30,NXST.NS,IND,BUY,1,124.410004,INR
2024-05-30,PHOENIXLTD.NS,IND,BUY,5,3078.449951,INR
2024-05-30,PRESTIGE.NS,IND,BUY,16,1530.25,INR
2024-05-30,PHOENIXLTD.NS,IND,BUY,5,3078.5,INR
2024-05-30,GODREJPROP.NS,IND,BUY,2,2739.699951,INR
2024-05-30,NXST.NS,IND,BUY,2,124.410004,INR
2024-05-30,NXST.NS,IND,BUY,6,124.410004,INR
2024-05-30,NXST.NS,IND,BUY,1,124.410004,INR
2024-05-30,GODREJPROP.NS,IND,BUY,1,2739.050049,INR
2024-05-30,BRIGADE.NS,IND,BUY,7,1221.0,INR
2024-05-30,GODREJPROP.NS,IND,BUY,1,2739.100098,INR
2024-05-30,EMBASSY.NS,IND,BUY,6,345.0,INR
2024-05-30,NXST.NS,IND,BUY,14,124.410004,INR
2024-05-30,PHOENIXLTD.NS,IND,BUY,1,3078.449951,INR
2024-05-30,GODREJPROP.NS,IND,BUY,1,2739.699951,INR
2024-05-30,NXST.NS,IND,BUY,1,124.410004,INR
2024-05-30,NXST.NS,IND,BUY,1,124.410004,INR
2024-05-30,NXST.NS,IND,BUY,3,124.410004,INR
2024-05-30,OBEROIRLTY.NS,IND,BUY,1,1814.449951,INR
2024-05-30,NXST.NS,IND,BUY,34,124.410004,INR
2024-05-30,NXST.NS,IND,BUY,2,124.410004,INR
2024-05-30,NXST.NS,IND,BUY,6,124.410004,INR
2024-05-30,EMBASSY.NS,IND,BUY,4,345.0,INR
2024-05-30,EMBASSY.NS,IND,BUY,12,345.0,INR
2024-05-30,EMBASSY.NS,IND,BUY,7,345.0,INR
2024-05-30,NXST.NS,IND,BUY,1,124.410004,INR
2024-05-30,NXST.NS,IND,BUY,1,124.410004,INR
2024-05-30,NXST.NS,IND,BUY,3,124.410004,INR
2024-05-30,MINDSPACE.NS,IND,BUY,30,349.630005,INR
2024-05-30,DLF.NS,IND,BUY,36,816.049988,INR
2024-05-30,NXST.NS,IND,BUY,1,124.410004,INR
2024-05-30,NXST.NS,IND,BUY,1,124.410004,INR
2024-05-30,NXST.NS,IND,BUY,2,124.410004,INR
2024-05-30,NXST.NS,IND,BUY,1,124.410004,INR
2024-05-30,OBEROIRLTY.NS,IND,BUY,15,1814.449951,INR
2024-05-30,GODREJPROP.NS,IND,BUY,3,2739.0,INR
2024-06-14,BRIGADE.NS,IND,SELL,4,1415.400024,INR
2024-06-14,PRESTIGE.NS,IND,SELL,4,1961.150024,INR
2024-06-14,PHOENIXLTD.NS,IND,BUY,1,3447.050049,INR
2024-06-14,OBEROIRLTY.NS,IND,BUY,3,1935.0,INR
2024-06-14,GODREJPROP.NS,IND,BUY,1,3039.75,INR
2024-06-18,GODREJPROP.NS,IND,BUY,1,2998.550049,INR
2024-07-05,HDFCAMC.NS,IND,BUY,7,4229.799805,INR
2024-07-05,HDFCBANK.NS,IND,BUY,7,1653.0,INR
2024-07-05,HDFCBANK.NS,IND,BUY,40,1653.0,INR
2024-07-05,HDFCBANK.NS,IND,BUY,18,1653.0,INR
2024-07-05,HDFCAMC.NS,IND,BUY,9,4230.0,INR
2024-07-05,HDFCLIFE.NS,IND,BUY,289,606.200012,INR
2024-07-05,HDFCAMC.NS,IND,BUY,13,4230.0,INR
2024-07-05,HDFCBANK.NS,IND,BUY,54,1652.599976,INR
2024-07-19,FIEMIND.NS,IND,SELL,3,1340.25,INR
2024-07-19,SBCL.NS,IND,SELL,7,627.099976,INR
2024-07-19,BORORENEW.NS,IND,SELL,9,471.149994,INR
2024-07-19,SHAKTIPUMP.NS,IND,SELL,1,3895.0,INR
2024-07-19,LIQUIDBEES.NS,IND,SELL,4,999.98999,INR
2024-07-19,BORORENEW.NS,IND,SELL,8,471.149994,INR
2024-07-19,SBCL.NS,IND,SELL,3,627.25,INR
2024-07-19,EXIDEIND.NS,IND,BUY,14,558.25,INR
2024-07-19,RECLTD.NS,IND,BUY,13,611.400024,INR
2024-07-19,KPIL.NS,IND,BUY,5,1399.599976,INR
2024-07-22,SANGHVIMOV.NS,IND,BUY,3,1092.699951,INR
2024-07-22,PHOENIXLTD.NS,IND,SELL,13,3773.5,INR
2024-07-22,INOXWIND.NS,IND,SELL,43,150.669998,INR
2024-07-22,BRIGADE.NS,IND,SELL,5,1249.650024,INR
2024-07-22,BRIGADE.NS,IND,SELL,5,1249.800049,INR
2024-07-22,BRIGADE.NS,IND,SELL,5,1250.0,INR
2024-07-22,BRIGADE.NS,IND,SELL,8,1249.599976,INR
2024-07-22,BRIGADE.NS,IND,SELL,1,1250.150024,INR
2024-07-22,PRESTIGE.NS,IND,SELL,4,1762.550049,INR
2024-07-22,PRESTIGE.NS,IND,SELL,3,1762.550049,INR
2024-07-22,PRESTIGE.NS,IND,SELL,7,1762.550049,INR
2024-07-22,NXST.NS,IND,SELL,91,149.960007,INR
2024-07-22,SBCL.NS,IND,SELL,24,636.150024,INR
2024-07-22,SBILIFE.NS,IND,SELL,7,1637.0,INR
2024-07-22,SBILIFE.NS,IND,SELL,1,1637.0,INR
2024-07-22,SBILIFE.NS,IND,SELL,5,1637.0,INR
2024-07-22,ICICIPRULI.NS,IND,SELL,13,639.599976,INR
2024-07-22,ICICIPRULI.NS,IND,SELL,1,639.599976,INR
2024-07-22,ICICIPRULI.NS,IND,SELL,11,639.599976,INR
2024-07-22,EMBASSY.NS,IND,SELL,10,363.679993,INR
2024-07-22,EMBASSY.NS,IND,SELL,5,363.679993,INR
2024-07-22,EMBASSY.NS,IND,SELL,10,363.679993,INR
2024-07-22,EMBASSY.NS,IND,SELL,8,363.679993,INR
2024-07-22,PITTIENG.NS,IND,SELL,5,1130.050049,INR
2024-07-22,PITTIENG.NS,IND,SELL,5,1129.900024,INR
2024-07-22,PITTIENG.NS,IND,SELL,2,1130.099976,INR
2024-07-22,GODREJPROP.NS,IND,SELL,10,3241.899902,INR
2024-07-22,GODREJPROP.NS,IND,SELL,1,3241.0,INR
2024-07-22,MINDSPACE.NS,IND,SELL,33,339.649994,INR
2024-07-22,FIEMIND.NS,IND,SELL,6,1300.050049,INR
2024-07-22,MFSL.NS,IND,SELL,15,1010.549988,INR
2024-07-22,LIQUIDBEES.NS,IND,SELL,12,999.98999,INR
2024-07-22,BBL.NS,IND,SELL,2,4422.149902,INR
2024-07-22,SANGHVIMOV.NS,IND,SELL,14,1089.949951,INR
2024-07-22,HDFCAMC.NS,IND,SELL,18,4078.399902,INR
2024-07-22,HDFCAMC.NS,IND,SELL,11,4078.399902,INR
2024-07-22,HDFCLIFE.NS,IND,SELL,13,638.75,INR
2024-07-22,HDFCLIFE.NS,IND,SELL,10,638.75,INR
2024-07-22,HDFCLIFE.NS,IND,SELL,38,638.75,INR
2024-07-22,HDFCLIFE.NS,IND,SELL,37,638.75,INR
2024-07-22,HDFCLIFE.NS,IND,SELL,38,638.75,INR
2024-07-22,HDFCLIFE.NS,IND,SELL,13,638.75,INR
2024-07-22,HDFCLIFE.NS,IND,SELL,38,638.75,INR
2024-07-22,HDFCLIFE.NS,IND,SELL,13,638.75,INR
2024-07-22,HDFCLIFE.NS,IND,SELL,38,638.75,INR
2024-07-22,HDFCLIFE.NS,IND,SELL,5,638.75,INR
2024-07-22,HDFCLIFE.NS,IND,SELL,13,638.75,INR
2024-07-22,HDFCLIFE.NS,IND,SELL,38,638.75,INR
2024-07-22,HDFCLIFE.NS,IND,SELL,22,638.75,INR
2024-07-22,STARHEALTH.NS,IND,SELL,10,590.799988,INR
2024-07-22,STARHEALTH.NS,IND,SELL,1,590.799988,INR
2024-07-22,STARHEALTH.NS,IND,SELL,3,590.799988,INR
2024-07-22,STARHEALTH.NS,IND,SELL,2,590.799988,INR
2024-07-22,STARHEALTH.NS,IND,SELL,3,590.799988,INR
2024-07-22,STARHEALTH.NS,IND,SELL,2,590.799988,INR
2024-07-22,STARHEALTH.NS,IND,SELL,3,590.799988,INR
2024-07-22,STARHEALTH.NS,IND,SELL,2,590.799988,INR
2024-07-22,STARHEALTH.NS,IND,SELL,13,590.799988,INR
2024-07-22,EXIDEIND.NS,IND,SELL,14,545.049988,INR
2024-07-22,KPITTECH.NS,IND,SELL,6,1832.650024,INR
2024-07-22,HDFCBANK.NS,IND,SELL,119,1643.300049,INR
2024-07-22,PENIND.NS,IND,SELL,44,174.309998,INR
2024-07-22,DLF.NS,IND,SELL,40,830.349976,INR
2024-07-22,SKIPPER.NS,IND,SELL,37,352.299988,INR
2024-07-22,TDPOWERSYS.NS,IND,SELL,1,387.049988,INR
2024-07-22,TDPOWERSYS.NS,IND,SELL,3,387.049988,INR
2024-07-22,TDPOWERSYS.NS,IND,SELL,21,387.0,INR
2024-07-22,OBEROIRLTY.NS,IND,SELL,13,1739.25,INR
2024-07-22,OBEROIRLTY.NS,IND,SELL,1,1739.25,INR
2024-07-22,OBEROIRLTY.NS,IND,SELL,4,1739.25,INR
2024-07-22,OBEROIRLTY.NS,IND,SELL,1,1739.25,INR
2024-07-22,OBEROIRLTY.NS,IND,SELL,1,1739.300049,INR
2024-07-22,OBEROIRLTY.NS,IND,SELL,1,1739.349976,INR
2024-07-22,IONEXCHANG.NS,IND,SELL,2,634.5,INR
2024-07-22,IONEXCHANG.NS,IND,SELL,14,634.450012,INR
2024-07-22,IONEXCHANG.NS,IND,SELL,5,634.650024,INR
2024-07-22,GENUSPOWER.NS,IND,SELL,20,354.049988,INR
2024-07-22,PRAJIND.NS,IND,SELL,14,701.0,INR
2024-07-22,PRAJIND.NS,IND,SELL,2,701.099976,INR
2024-07-22,RECLTD.NS,IND,SELL,13,616.049988,INR
2024-07-22,TRITURBINE.NS,IND,SELL,2,603.049988,INR
2024-07-22,TRITURBINE.NS,IND,SELL,7,603.099976,INR
2024-07-22,TRITURBINE.NS,IND,SELL,2,603.450012,INR
2024-07-22,ICICIGI.NS,IND,SELL,3,1900.599976,INR
2024-07-22,ICICIGI.NS,IND,SELL,1,1900.5,INR
2024-07-22,ICICIGI.NS,IND,SELL,7,1900.0,INR
2024-07-22,HPL.NS,IND,SELL,2,584.25,INR
2024-07-22,HPL.NS,IND,SELL,9,584.150024,INR
2024-07-22,GANECOS.NS,IND,SELL,11,1453.300049,INR
2024-07-22,SWSOLAR.NS,IND,SELL,9,661.0,INR
2024-07-22,TECHNOE.NS,IND,SELL,8,1550.0,INR
2024-07-22,KPIL.NS,IND,SELL,5,1358.0,INR
2024-07-22,SHAKTIPUMP.NS,IND,SELL,3,4096.25,INR
2024-07-22,KSB.NS,IND,SELL,1,4802.0,INR
2024-07-22,KSB.NS,IND,SELL,1,4801.350098,INR
2024-07-23,SANGHVIMOV.NS,IND,SELL,2,1071.349976,INR
2024-07-23,SANGHVIMOV.NS,IND,SELL,1,1071.400024,INR
